-- MySQL dump 10.13  Distrib 5.5.23, for Win32 (x86)
--
-- Host: localhost    Database: bov_smartfit
-- ------------------------------------------------------
-- Server version	5.5.23

/*!40101 SET @OLD_CHARACTER_SET_CLIENT=@@CHARACTER_SET_CLIENT */;
/*!40101 SET @OLD_CHARACTER_SET_RESULTS=@@CHARACTER_SET_RESULTS */;
/*!40101 SET @OLD_COLLATION_CONNECTION=@@COLLATION_CONNECTION */;
/*!40101 SET NAMES utf8 */;
/*!40103 SET @OLD_TIME_ZONE=@@TIME_ZONE */;
/*!40103 SET TIME_ZONE='+00:00' */;
/*!40014 SET @OLD_UNIQUE_CHECKS=@@UNIQUE_CHECKS, UNIQUE_CHECKS=0 */;
/*!40014 SET @OLD_FOREIGN_KEY_CHECKS=@@FOREIGN_KEY_CHECKS, FOREIGN_KEY_CHECKS=0 */;
/*!40101 SET @OLD_SQL_MODE=@@SQL_MODE, SQL_MODE='NO_AUTO_VALUE_ON_ZERO' */;
/*!40111 SET @OLD_SQL_NOTES=@@SQL_NOTES, SQL_NOTES=0 */;

--
-- Table structure for table `acl`
--

DROP TABLE IF EXISTS `acl`;
/*!40101 SET @saved_cs_client     = @@character_set_client */;
/*!40101 SET character_set_client = utf8 */;
CREATE TABLE `acl` (
  `id_recurso` varchar(255) NOT NULL,
  `id_rol` varchar(45) NOT NULL,
  `id_permiso` varchar(45) NOT NULL,
  PRIMARY KEY (`id_recurso`,`id_rol`,`id_permiso`),
  KEY `fk_recurso_has_rol_rol1_idx` (`id_rol`),
  KEY `fk_recurso_has_rol_recurso1_idx` (`id_recurso`),
  CONSTRAINT `fk_recurso_has_rol_recurso1` FOREIGN KEY (`id_recurso`) REFERENCES `recurso` (`id_recurso`) ON DELETE CASCADE ON UPDATE CASCADE,
  CONSTRAINT `fk_recurso_has_rol_rol1` FOREIGN KEY (`id_rol`) REFERENCES `rol` (`id_rol`) ON DELETE CASCADE ON UPDATE CASCADE
) ENGINE=InnoDB DEFAULT CHARSET=utf8;
/*!40101 SET character_set_client = @saved_cs_client */;

--
-- Dumping data for table `acl`
--

LOCK TABLES `acl` WRITE;
/*!40000 ALTER TABLE `acl` DISABLE KEYS */;
INSERT INTO `acl` VALUES ('com\\empresa\\EmpresaService::actualizar','Administrador','1'),('com\\empresa\\EmpresaService::eliminar','Administrador','1'),('com\\empresa\\EmpresaService::insertar','Administrador','1'),('com\\factura\\FacturaService::actualizar','Administrador','1'),('com\\parametro\\ParametroService::actualizar','Administrador','1'),('com\\proveedor\\ProveedorInformacionRequeridaService::eliminar','Administrador','1'),('com\\proveedor\\ProveedorInformacionRequeridaService::insertar','Administrador','1'),('com\\proveedor\\ProveedorService::actualizar','Administrador','1'),('com\\proveedor\\ProveedorService::eliminar','Administrador','1'),('com\\proveedor\\ProveedorService::insertar','Administrador','1'),('com\\sacl\\usuariorol\\UsuarioRolService::eliminar','Administrador','1'),('com\\sacl\\usuariorol\\UsuarioRolService::insertar','Administrador','1'),('com\\usuario\\usuarioempresa\\UsuarioEmpresaService::eliminar','Administrador','1'),('com\\usuario\\usuarioempresa\\UsuarioEmpresaService::insertar','Administrador','1'),('com\\usuario\\UsuarioService::actualizar','Administrador','1'),('com\\usuario\\UsuarioService::eliminar','Administrador','1'),('com\\usuario\\UsuarioService::insertar','Administrador','1'),('com\\empresa\\EmpresaService::actualizar','Administrador del sistema','1'),('com\\empresa\\EmpresaService::eliminar','Administrador del sistema','1'),('com\\empresa\\EmpresaService::insertar','Administrador del sistema','1'),('com\\factura\\FacturaService::actualizar','Administrador del sistema','1'),('com\\parametro\\ParametroService::actualizar','Administrador del sistema','1'),('com\\proveedor\\ProveedorInformacionRequeridaService::eliminar','Administrador del sistema','1'),('com\\proveedor\\ProveedorInformacionRequeridaService::insertar','Administrador del sistema','1'),('com\\proveedor\\ProveedorService::actualizar','Administrador del sistema','1'),('com\\proveedor\\ProveedorService::eliminar','Administrador del sistema','1'),('com\\proveedor\\ProveedorService::insertar','Administrador del sistema','1'),('com\\sacl\\usuariorol\\UsuarioRolService::eliminar','Administrador del sistema','1'),('com\\sacl\\usuariorol\\UsuarioRolService::insertar','Administrador del sistema','1'),('com\\usuario\\usuarioempresa\\UsuarioEmpresaService::eliminar','Administrador del sistema','1'),('com\\usuario\\usuarioempresa\\UsuarioEmpresaService::insertar','Administrador del sistema','1'),('com\\usuario\\UsuarioService::actualizar','Administrador del sistema','1'),('com\\usuario\\UsuarioService::eliminar','Administrador del sistema','1'),('com\\usuario\\UsuarioService::insertar','Administrador del sistema','1'),('com\\usuario\\UsuarioService::actualizar','Soporte','1'),('com\\factura\\FacturaService::actualizar','Usuario','1'),('com\\usuario\\UsuarioService::actualizar','Usuario','1');
/*!40000 ALTER TABLE `acl` ENABLE KEYS */;
UNLOCK TABLES;

--
-- Table structure for table `bitacora`
--

DROP TABLE IF EXISTS `bitacora`;
/*!40101 SET @saved_cs_client     = @@character_set_client */;
/*!40101 SET character_set_client = utf8 */;
CREATE TABLE `bitacora` (
  `id_bitacora` int(10) unsigned NOT NULL AUTO_INCREMENT,
  `t_evento` text NOT NULL,
  `t_mensaje` text NOT NULL,
  `d_hora` datetime NOT NULL,
  `fk_usuario` varchar(50) NOT NULL,
  PRIMARY KEY (`id_bitacora`),
  KEY `fk_bitacora_usuario1_idx` (`fk_usuario`),
  CONSTRAINT `fk_bitacora_usuario1` FOREIGN KEY (`fk_usuario`) REFERENCES `usuario` (`id_usuario`) ON DELETE CASCADE ON UPDATE CASCADE
) ENGINE=InnoDB DEFAULT CHARSET=utf8;
/*!40101 SET character_set_client = @saved_cs_client */;

--
-- Dumping data for table `bitacora`
--

LOCK TABLES `bitacora` WRITE;
/*!40000 ALTER TABLE `bitacora` DISABLE KEYS */;
/*!40000 ALTER TABLE `bitacora` ENABLE KEYS */;
UNLOCK TABLES;

--
-- Table structure for table `empresa`
--

DROP TABLE IF EXISTS `empresa`;
/*!40101 SET @saved_cs_client     = @@character_set_client */;
/*!40101 SET character_set_client = utf8 */;
CREATE TABLE `empresa` (
  `id_empresa` int(10) unsigned NOT NULL AUTO_INCREMENT,
  `v_nombre` varchar(95) NOT NULL,
  `v_rfc` varchar(14) NOT NULL,
  `i_estatus` int(1) unsigned NOT NULL,
  `v_logo` varchar(45) NOT NULL,
  PRIMARY KEY (`id_empresa`)
) ENGINE=InnoDB AUTO_INCREMENT=3 DEFAULT CHARSET=utf8;
/*!40101 SET character_set_client = @saved_cs_client */;

--
-- Dumping data for table `empresa`
--

LOCK TABLES `empresa` WRITE;
/*!40000 ALTER TABLE `empresa` DISABLE KEYS */;
INSERT INTO `empresa` VALUES (1,'SERVICIOS DEPORTIVOS PARA LATINOAMERICA SA DE CV','SDL110825JF0',1,''),(2,'LATAMGYM S A P I DE CV','LAT110824BJ4',1,'');
/*!40000 ALTER TABLE `empresa` ENABLE KEYS */;
UNLOCK TABLES;

--
-- Table structure for table `factura`
--

DROP TABLE IF EXISTS `factura`;
/*!40101 SET @saved_cs_client     = @@character_set_client */;
/*!40101 SET character_set_client = utf8 */;
CREATE TABLE `factura` (
  `id_factura` int(10) unsigned NOT NULL AUTO_INCREMENT,
  `fk_proveedor` int(10) unsigned NOT NULL,
  `fk_empresa` int(10) unsigned NOT NULL,
  `d_fecha_alta` datetime NOT NULL,
  `v_serie` varchar(45) NOT NULL,
  `v_folio` varchar(45) NOT NULL,
  `v_uuid` varchar(45) NOT NULL,
  `d_fecha_factura` datetime NOT NULL,
  `d_subtotal` decimal(10,0) NOT NULL,
  `d_iva` decimal(10,0) NOT NULL,
  `d_tasa_iva` decimal(10,0) NOT NULL,
  `d_total` decimal(10,0) NOT NULL,
  `v_moneda` varchar(45) NOT NULL,
  `v_email` varchar(45) NOT NULL,
  `fk_factura_estatus` varchar(45) NOT NULL,
  `d_fecha_modificacion` datetime NOT NULL,
  `fk_usuario` varchar(50) DEFAULT NULL,
  `t_xml` varchar(350) NOT NULL,
  `v_orden_compra` varchar(350) DEFAULT NULL,
  `v_representacion_grafica` varchar(350) DEFAULT NULL,
  `v_albaran` varchar(350) DEFAULT NULL,
  `v_rfc_proveedor` varchar(15) NOT NULL,
  `v_rfc_empresa` varchar(15) NOT NULL,
  `v_no_orden_compra` varchar(45) NOT NULL,
  PRIMARY KEY (`id_factura`),
  KEY `fk_id_proveedor_idx` (`fk_proveedor`),
  KEY `fk_id_empresa_idx` (`fk_empresa`),
  KEY `fk_id_estatus_idx` (`fk_factura_estatus`),
  KEY `fk_id_usuario_idx` (`fk_usuario`),
  KEY `index_proveedor_rfc` (`v_rfc_proveedor`),
  KEY `index_empresa_rfc` (`v_rfc_empresa`),
  CONSTRAINT `fk_id_empresa` FOREIGN KEY (`fk_empresa`) REFERENCES `empresa` (`id_empresa`) ON DELETE CASCADE ON UPDATE CASCADE,
  CONSTRAINT `fk_id_estatus` FOREIGN KEY (`fk_factura_estatus`) REFERENCES `factura_estatus` (`id_factura_estatus`) ON DELETE CASCADE ON UPDATE CASCADE,
  CONSTRAINT `fk_id_proveedor` FOREIGN KEY (`fk_proveedor`) REFERENCES `proveedor` (`id_proveedor`) ON DELETE CASCADE ON UPDATE CASCADE,
  CONSTRAINT `fk_id_usuario` FOREIGN KEY (`fk_usuario`) REFERENCES `usuario` (`id_usuario`) ON DELETE CASCADE ON UPDATE CASCADE
) ENGINE=InnoDB DEFAULT CHARSET=utf8;
/*!40101 SET character_set_client = @saved_cs_client */;

--
-- Dumping data for table `factura`
--

LOCK TABLES `factura` WRITE;
/*!40000 ALTER TABLE `factura` DISABLE KEYS */;
/*!40000 ALTER TABLE `factura` ENABLE KEYS */;
UNLOCK TABLES;

--
-- Table structure for table `factura_estatus`
--

DROP TABLE IF EXISTS `factura_estatus`;
/*!40101 SET @saved_cs_client     = @@character_set_client */;
/*!40101 SET character_set_client = utf8 */;
CREATE TABLE `factura_estatus` (
  `id_factura_estatus` varchar(45) NOT NULL,
  PRIMARY KEY (`id_factura_estatus`)
) ENGINE=InnoDB DEFAULT CHARSET=utf8;
/*!40101 SET character_set_client = @saved_cs_client */;

--
-- Dumping data for table `factura_estatus`
--

LOCK TABLES `factura_estatus` WRITE;
/*!40000 ALTER TABLE `factura_estatus` DISABLE KEYS */;
INSERT INTO `factura_estatus` VALUES ('Aceptada'),('Pendiente'),('Rechazada');
/*!40000 ALTER TABLE `factura_estatus` ENABLE KEYS */;
UNLOCK TABLES;

--
-- Table structure for table `informacion_requerida`
--

DROP TABLE IF EXISTS `informacion_requerida`;
/*!40101 SET @saved_cs_client     = @@character_set_client */;
/*!40101 SET character_set_client = utf8 */;
CREATE TABLE `informacion_requerida` (
  `id_informacion_requerida` varchar(100) NOT NULL,
  `v_valor` varchar(45) NOT NULL,
  PRIMARY KEY (`id_informacion_requerida`)
) ENGINE=InnoDB DEFAULT CHARSET=utf8;
/*!40101 SET character_set_client = @saved_cs_client */;

--
-- Dumping data for table `informacion_requerida`
--

LOCK TABLES `informacion_requerida` WRITE;
/*!40000 ALTER TABLE `informacion_requerida` DISABLE KEYS */;
INSERT INTO `informacion_requerida` VALUES ('v_albaran','albaran'),('v_orden_compra','ordenCompra'),('v_representacion_grafica','representacionGrafica'),('v_xml','xml');
/*!40000 ALTER TABLE `informacion_requerida` ENABLE KEYS */;
UNLOCK TABLES;

--
-- Table structure for table `menu`
--

DROP TABLE IF EXISTS `menu`;
/*!40101 SET @saved_cs_client     = @@character_set_client */;
/*!40101 SET character_set_client = utf8 */;
CREATE TABLE `menu` (
  `id_menu` int(10) unsigned NOT NULL AUTO_INCREMENT,
  `v_alias` varchar(45) NOT NULL,
  `v_url` varchar(45) NOT NULL,
  `fk_padre` int(10) unsigned NOT NULL,
  `v_class` varchar(100) DEFAULT NULL,
  PRIMARY KEY (`id_menu`),
  KEY `fk_menu_padre_idx` (`fk_padre`),
  CONSTRAINT `fk_menu_padre` FOREIGN KEY (`fk_padre`) REFERENCES `menu` (`id_menu`) ON DELETE CASCADE ON UPDATE CASCADE
) ENGINE=InnoDB AUTO_INCREMENT=5 DEFAULT CHARSET=utf8;
/*!40101 SET character_set_client = @saved_cs_client */;

--
-- Dumping data for table `menu`
--

LOCK TABLES `menu` WRITE;
/*!40000 ALTER TABLE `menu` DISABLE KEYS */;
INSERT INTO `menu` VALUES (1,'Principal','',1,''),(2,'Catálogos','',1,' hidden-phone hidden-tablet'),(3,'Ayuda','',1,''),(4,'Soporte','',1,' hidden-phone hidden-tablet');
/*!40000 ALTER TABLE `menu` ENABLE KEYS */;
UNLOCK TABLES;

--
-- Table structure for table `menu_has_rol`
--

DROP TABLE IF EXISTS `menu_has_rol`;
/*!40101 SET @saved_cs_client     = @@character_set_client */;
/*!40101 SET character_set_client = utf8 */;
CREATE TABLE `menu_has_rol` (
  `id_menu` int(10) unsigned NOT NULL,
  `id_rol` varchar(45) NOT NULL,
  PRIMARY KEY (`id_menu`,`id_rol`),
  KEY `fk_menu_has_rol_rol1_idx` (`id_rol`),
  KEY `fk_menu_has_rol_menu1_idx` (`id_menu`),
  CONSTRAINT `fk_menu_has_rol_menu1` FOREIGN KEY (`id_menu`) REFERENCES `menu` (`id_menu`) ON DELETE CASCADE ON UPDATE CASCADE,
  CONSTRAINT `fk_menu_has_rol_rol1` FOREIGN KEY (`id_rol`) REFERENCES `rol` (`id_rol`) ON DELETE CASCADE ON UPDATE CASCADE
) ENGINE=InnoDB DEFAULT CHARSET=utf8;
/*!40101 SET character_set_client = @saved_cs_client */;

--
-- Dumping data for table `menu_has_rol`
--

LOCK TABLES `menu_has_rol` WRITE;
/*!40000 ALTER TABLE `menu_has_rol` DISABLE KEYS */;
INSERT INTO `menu_has_rol` VALUES (1,'Administrador'),(1,'Administrador del Sistema'),(1,'Soporte'),(1,'Usuario'),(2,'Administrador'),(2,'Administrador del Sistema'),(3,'Administrador'),(3,'Administrador del Sistema'),(3,'Soporte'),(3,'Usuario'),(4,'Administrador del Sistema'),(4,'Soporte');
/*!40000 ALTER TABLE `menu_has_rol` ENABLE KEYS */;
UNLOCK TABLES;

--
-- Table structure for table `opcion`
--

DROP TABLE IF EXISTS `opcion`;
/*!40101 SET @saved_cs_client     = @@character_set_client */;
/*!40101 SET character_set_client = utf8 */;
CREATE TABLE `opcion` (
  `id_opcion` int(10) unsigned NOT NULL AUTO_INCREMENT,
  `v_alias` varchar(45) NOT NULL,
  `v_url` varchar(45) NOT NULL,
  `v_class` varchar(45) NOT NULL,
  `fk_menu` int(10) unsigned NOT NULL,
  PRIMARY KEY (`id_opcion`),
  KEY `fk_opcion_menu1_idx` (`fk_menu`),
  CONSTRAINT `fk_opcion_menu1` FOREIGN KEY (`fk_menu`) REFERENCES `menu` (`id_menu`) ON DELETE NO ACTION ON UPDATE NO ACTION
) ENGINE=InnoDB AUTO_INCREMENT=16 DEFAULT CHARSET=utf8;
/*!40101 SET character_set_client = @saved_cs_client */;

--
-- Dumping data for table `opcion`
--

LOCK TABLES `opcion` WRITE;
/*!40000 ALTER TABLE `opcion` DISABLE KEYS */;
INSERT INTO `opcion` VALUES (1,'Inicio','#home','active',1),(2,'Catálogos','',' hidden-phone hidden-tablet',1),(3,'Soporte','','',1),(4,'Ayuda','','',1),(5,'Boveda','#','nav-header',2),(6,'Catalogo-de-usuarios','#user','',2),(7,'Catalogo-de-empresas','#company',' ',2),(8,'Catalogo-de-proveedores','#provider',' ',2),(9,'','#','divider',2),(10,'Sistema','#','nav-header',2),(11,'Catalogo-de-parametros','#parameter','',2),(12,'Indice-de-ayuda','#help','',3),(13,'','#','divider',3),(14,'Acerca-de-boveda','#about','',3),(15,'Bitacora-de-boveda','#resume','',4);
/*!40000 ALTER TABLE `opcion` ENABLE KEYS */;
UNLOCK TABLES;

--
-- Table structure for table `parametro_sistema`
--

DROP TABLE IF EXISTS `parametro_sistema`;
/*!40101 SET @saved_cs_client     = @@character_set_client */;
/*!40101 SET character_set_client = utf8 */;
CREATE TABLE `parametro_sistema` (
  `id_parametro` varchar(10) NOT NULL,
  `v_descripcion` varchar(255) NOT NULL,
  `v_valor` varchar(45) NOT NULL,
  `v_unidad_medida` varchar(45) NOT NULL,
  `i_notificacion` int(1) unsigned NOT NULL,
  `d_hora_modificacion` datetime NOT NULL,
  `fk_usuario_modificacion` varchar(50) NOT NULL,
  PRIMARY KEY (`id_parametro`),
  KEY `fk_parametros_sistema_usuario1_idx` (`fk_usuario_modificacion`),
  CONSTRAINT `fk_parametros_sistema_usuario1` FOREIGN KEY (`fk_usuario_modificacion`) REFERENCES `usuario` (`id_usuario`) ON DELETE CASCADE ON UPDATE CASCADE
) ENGINE=InnoDB DEFAULT CHARSET=utf8;
/*!40101 SET character_set_client = @saved_cs_client */;

--
-- Dumping data for table `parametro_sistema`
--

LOCK TABLES `parametro_sistema` WRITE;
/*!40000 ALTER TABLE `parametro_sistema` DISABLE KEYS */;
INSERT INTO `parametro_sistema` VALUES ('DG','Días de gracia al cierre mensual','3','Días',0,'2014-09-04 16:58:42','Sistema'),('DS','Duración de la Sesión ','8','Hora',0,'2014-09-04 16:58:35','Sistema'),('EP','Estatus del Portal de Proveedores','1','Activo/Inactivo',0,'2014-01-07 14:06:40','Sistema');
/*!40000 ALTER TABLE `parametro_sistema` ENABLE KEYS */;
UNLOCK TABLES;

--
-- Table structure for table `proveedor`
--

DROP TABLE IF EXISTS `proveedor`;
/*!40101 SET @saved_cs_client     = @@character_set_client */;
/*!40101 SET character_set_client = utf8 */;
CREATE TABLE `proveedor` (
  `id_proveedor` int(10) unsigned NOT NULL,
  `v_nombre` varchar(100) NOT NULL,
  `v_rfc` varchar(50) NOT NULL,
  `i_estatus` int(1) unsigned NOT NULL,
  PRIMARY KEY (`id_proveedor`)
) ENGINE=InnoDB DEFAULT CHARSET=utf8;
/*!40101 SET character_set_client = @saved_cs_client */;

--
-- Dumping data for table `proveedor`
--

LOCK TABLES `proveedor` WRITE;
/*!40000 ALTER TABLE `proveedor` DISABLE KEYS */;
INSERT INTO `proveedor` VALUES (10001,'5M2 ANDENES SAPI DE CV','MAN0710026M3',1),(10002,'5M2 SA DE CV','CMD010221SI1',1),(10003,'ACCESO CONTENT IN CONTEX SA DE CV','ACI1403034A7',1),(10004,'ACONSA Y ASOCIADOS CONSULTORES S DE RL DE CV','AAC030611ST9',1),(10005,'ACTECH SERVICES SA DE CV','ASE0810079U6',1),(10006,'ADBR INGENIERIA Y CONSTRUCCION SA DE CV','AIC9905183B7',1),(10007,'ADMINISTRACION INTEGRAL FIRPO IZCALLI SA DE CV','AIF050114QM3',1),(10008,'ADMINISTRADORA ARMAS 315, A.C.','ATT120612FR2',1),(10009,'ADMINISTRADORA FIBRA DANHOS SC','AFD130723IZ3',1),(10010,'ADT PRIVATE SECURITY SERVICES DE MEXICO SA DE CV','ASP080728RT5',1),(10011,'ADVANTAGE SECURITY, S. DE R.L. DE C.V.','ASE0201179X0',1),(10012,'AJA VIDRIOS Y ALUMINIO','AVA850828B18',1),(10013,'ALANIS BELTRAN LUIS ENRIQUE','AABL701110JM7',1),(10014,'ALARCON FLORES JOSE EDUARDO','AAFE841020286',1),(10015,'ALAZRAKI KP CENTRAL MEDIA SA DE CV','AKC020506184',1),(10016,'ALBERROCA SA DE CV','ALB110815H57',1),(10017,'ALDIVA CONSTRUCCIONES SA DE CV','ACO130726R1A',1),(10018,'ALDUCIN LOPEZ RAUL','AULR390513163',1),(10019,'ALEJANDRO PLANCARTE TREJO','PATA811023S10',1),(10020,'ALFHER PORCEWOL S.A. DE C.V.','APO030624G3A',1),(10021,'ALMACENAJE Y DISTRIBUCION AVIOR, S.A. DE C.V.','ADA000803GM5',1),(10022,'AMARO SANCHEZ JOSE AGUSTIN (PIPAS SAN AGUSTIN)','AASA571219SZ1',1),(10023,'ANDRADE MAGAÑA HUMBERTO','AAMH4203185U1',1),(10024,'ANDRADE RODRIGUEZ ALBERTO','AARA870308JR8',1),(10025,'ANGUIANO PANTOJA MARIO ALBERTO','AUPM800831MN6',1),(10026,'ANUNCIOS ESPECTACULARES MEXICANOS SA DE CV','AEM9709051F2',1),(10027,'ANUNCIOS SOCIALES Y CONSULTORIA DIGITAL','ASC120315EC3',1),(10028,'ANZIX, S.A. DE C.V.','ANZ9608122V0',1),(10029,'APARATOS ELECTROMECANICOS VON HAUCKE SA DE CV','AEH841221234',1),(10030,'APLISOFT, S.A. DE C.V.','APL9807297H1',1),(10031,'AQUA WELLNESS CENTER S DE RL DE CV','AWC060907CH3',1),(10032,'ARAGON ROCAMORA PEDRO','AARP741127PM3',1),(10033,'ARENAS BACA CALDERON CECILIA','AEBC660102AT3',1),(10034,'ARMANDO RAFAEL AGUILERA MENDEZ  (SERV EFICIENCIA Y DISTRI)','AUMA730813JX1',1),(10035,'ARPI SERVICIOS SA DE CV','ASE1212262E5',1),(10036,'ARRENDADORA PERICENTRO SC (RENTA)','APE911004HZ3',1),(10037,'ARRENDADORA VIVEICA, SA DE CV','AVI080618EU1',1),(10038,'ARREOLA SERRANO LIZBETH PILAR','AESL930331EGX',1),(10039,'ARTCOUSTIX, S.A. DE C.V.','ART980527UX1',1),(10040,'ASECA SA DE CV','ASE950901TIA',1),(10041,'ASOCIACION DE CONDOMINOS DE PLAZA CRYSTAL PUEBLA AC','ACP910904895',1),(10042,'ASOCIACIÓN DE COPROPIETARIOS DE MIRAMONTES, A.C.','ACM961206FS4',1),(10043,'ASSAM KARAM ALFREDO ANTONIO','AAKA680322HP9',1),(10044,'ATECORP DE MEXICO SA DE CV','AME130319MA5',1),(10045,'ATENCION CORPORATIVA DE MEXICO, S.A. DE C.V.','ACM9611211J5',1),(10046,'ATM ESPECTACULARES SA DE CV','AES0511242W3',1),(10047,'AUTOS DE COREA SA DE CV','EUR020306CK4',1),(10048,'AZUL PRESS SA DE CV','APR1307093N9',1),(10049,'BANAMEX FIBRA DANHOS FIDEICOMISO 17416-3','BFD1306102H1',1),(10050,'BANCA MIFEL FID 1681/2013 PLAZA XOCHIMILCO','BMF131024EV0',1),(10051,'BANCA MIFEL FIDEICOMISO 1009/2009','BMF090603EBA',1),(10052,'BANCA MIFEL FIDEICOMISO 1736/2013','FBM130828CL7',1),(10053,'BANCA MIFEL S.A. FIDEICOMISO 1688/2013','BMA130506KM9',1),(10054,'BANCA MIFEL SA FIDEICOMISO 887/2007','BMS071231J96',1),(10055,'BANCA MIFEL, S.A. FIDEICOMISO 1267/2011','BMS110701MQ3',1),(10056,'BANCA MIFEL, SA FIDEICOMISO 330/2002','BMF021126FW9',1),(10057,'BANCO ACTINVER SA POR FID F/1523 (RENTA CHAPULTEPEC)','FHD1412114X6',1),(10058,'BANCO INVEX SA FIDEICOMISO 2111 EO','BIN940223KE0',1),(10059,'BANCO MONEX SA INST. DE BCA MULT MONEX GPO FIN F/1468','BMS1307169Z5',1),(10060,'BANCO NACIONAL DE MEXICO SA FIDEICOMISO 17357-4','BNM130315GQ1',1),(10061,'BANOS Y GRIFOS AUTOMATICOS, S.A. DE C.V.','BGA0710236S6',1),(10062,'BARRACUDA STORIES SA DE CV','BST130913Q53',1),(10063,'BARRERA SIQUEIROS Y TORRES LANDA SC','BST8201028Y2',1),(10064,'BARROSO PEREZ HUGO URIEL','BAPH810623',1),(10065,'BASCULAS BRAUNKER, SA DE CV','BBR6604199C0',1),(10066,'BAUHAUS I SA DE CV','BIX840620JV8',1),(10067,'BAZI CRONOTEAM, S.A. DE C.V.','BCR081029FP4',1),(10068,'BBVA BANCOMER SA','BBA830831LJ2',1),(10069,'BE WELLNESS S DE RL DE CV','DGO100830NP9',1),(10070,'BENITEZ MORENO DIEGO EDUARDO','BEMD8803041P5',1),(10071,'BERNARDO ERNESTO PAGON GOMEZ','PAGB900407992',1),(10072,'BESSER TIME & PARKING, S.A. DE C.V.','BTA980316CA6',1),(10073,'BIOMEDIKAL INSTRUMENTS, S.A. DE C.V.','BIN060602M27',1),(10074,'BIORITMO ACADEMIAS, S.A.','CNPJ 00.318.069',1),(10075,'BLUE MEDIA HOLDINGS SA DE CV','BMH130626QV3',1),(10076,'BLUEMESSAGING MEXICO SAPI DE CV','BME0912148Y9',1),(10077,'BMG COMERCIAL SA DE CV','BCO910128CX7',1),(10078,'BNI ESTACIONAMIENTOS SA DE CV','BES0906299F8',1),(10079,'BPN NEGOCIOS GENERALES S.A. DE C.V.','BNG0505198C3',1),(10080,'BRAULIO ARTURO SANDOVAL GALINDO','SAGB720620617',1),(10081,'BRAVO ESTRADA ALEJANDRO IVAN','BAEA870108XXX',1),(10082,'BRENDA VAZQUEZ BARRON','VABB750317',1),(10083,'BRITO ROJAS DIEGO JAIR','BIRD870606',1),(10084,'BRUDDEN DE MEXICO SA DE CV','BME04051194A',1),(10085,'BUFETE DE INGENIERIA Y DISE&O INDUSTRIAL, S.A. DE C.V.','BID760121SV9',1),(10086,'BUTRON SOLIS GALDINO','BUSG620811H3A',1),(10087,'CADA SERVICIOS PROFESIONALES SA DE CV','CSP1408282M1',1),(10088,'CADENA RADIODIFUSORA MEXICANA SA DE CV','CRM310630JG3',1),(10089,'CALENTADORES DE AMERICA SA DE CV','CAM0007314M8',1),(10090,'CALIDAD Y SISTEMAS DE INGENIERIA, SA DE CV','CSI0409143Z8',1),(10091,'CALMANANI CONSTRUCCIONES Y ACABADOS SA DE CV','CCA090901TR0',1),(10092,'CAMARA DE COMERCIO DE NAUCALPAN DE JUAREZ ESTADO DE MEXICO','CCN6605309F8',1),(10093,'CAMPOS Y LOSA ROQUE JESUS','CALR300410446',1),(10094,'CANACO','CNC740827JFA',1),(10095,'CARACHEO HERRERA SHABIB','CRHRSH810105',1),(10096,'CARLA ANDREIA LEITE DA SILVA','LECA680705J2A',1),(10097,'CARTELERAS Y NEON ESPECTACULARES SA DE CV','CNE820210GM6',1),(10098,'CASCADA FUND SAPI DE CV','CFU140529594',1),(10099,'CASTREJON GIL MARTHA MARIA','CAGM810811SD2',1),(10100,'CASTRO REYES LUIS ALBERTO','CARL711122BZ0',1),(10101,'CENTRAL PACIFIC PAPER S.A DE C.V','CPP960424Q50',1),(10102,'CENTRO COMERCIAL LA CIMA SA DE CV (MTTO)','CCC110330EZ4',1),(10103,'CENTRO COMERCIAL PERICENTRO AC (MTTO)','CCP9501236Y0',1),(10104,'CENTRO COMERCIAL TORRES LINDAVISTA AC','CCT9310224RA',1),(10105,'CHEIL MEXICO SA DE CV','CME0311053H6',1),(10106,'CHG-MERIDIAN MEXICO SAPI DE CV','CME940112896',1),(10107,'CIA HIDRO GAS DE CUERNAVACA SA DE CV','HGC560203533',1),(10108,'CIA MEXICANA DE LOCKERS, S.A. DE C.V.','MLO7403276H1',1),(10109,'CIGE LATINOAMERICANA, SA DE CV','CLA061128TN4',1),(10110,'CINEMAS DE LA REPUBLICA SA DE CV','CRE850201GZA',1),(10111,'CISNEROS APARICIO ADRIANA','CIAA810910',1),(10112,'CLEMENTE MARCOS TEJEDA HUERTA','TEHC811122800',1),(10113,'COLMENARES YAÑEZ YESSICA','COYY810603',1),(10114,'COMERCIAL CITY FRESKO S DE RL DE CV','CCF121101KQ4',1),(10115,'COMERCIAL PASEO SAN FRANCISCO SA DE CV','CPS061020M34',1),(10116,'COMERCIALIZADORA DE FRECUENCIAS SATELITALES, S DE RL DE CV','CFS070215NNA',1),(10117,'COMERCIALIZADORA E INDUSTRIALIZADORA SIPSE SA DE CV','CIS050530JE4',1),(10118,'COMERCIALIZADORA IMU SA DE CV','CIM060124GG7',1),(10119,'COMERCIALIZADORA INTERKRIM, S.A. DE C.V.','CIK930708SV0',1),(10120,'COMERCIALIZADORA MEADOWLANDS SA DE CV','CME121017S74',1),(10121,'COMERCIALIZADORA METROGAS S.A. DE C.V.','CME730129A79',1),(10122,'COMERCIALIZADORA SOLA BASIC DEL CENTRO, S.A. DE C.V.','CRA051208MD7',1),(10123,'COMERCIALIZADORA Y CONSTRUCTORA GM SA DE CV','CCG000526459',1),(10124,'COMERCIALIZADORA Y SERVICIOS 3 WATTS, S.A. DE C.V.','CST100415ET4',1),(10125,'COMISION FEDERAL DE ELECTRICIDAD','CFE370814QI0',1),(10126,'COMUNITECNIA SA DE CV','COM010320R62',1),(10127,'CONCESIONES INTEGRALES SA DE CV','CIN131223138',1),(10128,'CONDOMINIO CENTRO COMERCIAL GALERIAS AC','CCC950726837',1),(10129,'CONDOMINIO MAGNO REFORMA 27 AC','CMR120309IL9',1),(10130,'CONDOMINIO SIMPLE VERTICAL TORRE DE OFICINAS','CSV130606KN0',1),(10131,'CONSANHI AMERICA, S.A. DE C.V.','CAM000731VE4',1),(10132,'CONSTRUCCION MANTENIMIENTO Y SUPERVISION SA DE CV','CMS830106QE5',1),(10133,'CONSTRUCCION Y DISEÑO URBANO S.A. DE C.V.','CDU0808181Q3',1),(10134,'CONSTRUCCIONES CALVEC SA DE CV','CCA081015II2',1),(10135,'CONSTRUCCIONES ELECTRICAS RADAGA SA DE CV','CER1503194X7',1),(10136,'CONSTRUCCIONES Y PERITAJES SA DE CV','CPE980519HX0',1),(10137,'CONSTRUCTORA E INMOBILIARIA PERINORTE (SF MONTERREY)','CIP9003133Z7',1),(10138,'CONSTRUCTORA ELECTRICA LATINOAMERICANA S.A. DE C.V.','CEL000222UA1',1),(10139,'CONSULTORES ESTRATEGICOS LOPA S.C.','CEL0805164M9',1),(10140,'CONSULTORIA Y CONTROL DE PROYECTOS SA DE CV','CCP930505A32',1),(10141,'CONTINENTAL PARKING SA DE CV','CPA100712MA5',1),(10142,'CONTRATISTAS CONSTRUCTORES JIMENEZ EXPRESS SA DE CV','CCJ031028SY0',1),(10143,'CONTROLADORA PNK SA DE CV','CPN12113034A',1),(10144,'CORPORACION OPERADORA ALIMENTA SA DE CV','COA081016NB8',1),(10145,'CORPORACION SPORT CITY SA DE CV','CSC131203250',1),(10146,'CORREDURIA Y VALUACION 20 S.C.','CVV1204124K8',1),(10147,'CRISTINA LOPEZ CARDOSO','LOCC861017',1),(10148,'CRUCERO CHEDRAUI SA DE CV','CCE960710HX7',1),(10149,'CRUCES CARBAJAL MARIA DEL ROSARIO','CUCR380522P68',1),(10150,'CRUZ SANCHEZ SAUL','CUSS861230RU4',1),(10151,'CSI LEASING MEXICO S DE RL DE CV','CLM020322S49',1),(10152,'CUATRO MASYL SA DE CV','CMA970804I69',1),(10153,'CUIDADOS EN SALUD PREHOSPITALARIA SIPROMEDIC, S.A. DE C.V.','CSP100405EJ5',1),(10154,'CUSHMAN & WAKEFIELD, S DE RL DE CV','CAW931103JU1',1),(10155,'DE HARO PUBLICIDAD SA DE CV','HPU781121KL3',1),(10156,'DE LA CRUZ VAZQUEZ GUILLERMO','CUVG750809KMO',1),(10157,'DE LA GARZA BRAULIO DIANA ARACELI','GABD710824AG6',1),(10158,'DE LEGARRETA DE LEGARRETA ENRIQUE JAVIER','LELE550320EE6',1),(10159,'DEGLOEMA S.A. DE C.V.','DEG060313N91',1),(10160,'DEMA INGENIERIA AMBIENTAL, S.A. DE C.V.','DIA090227MX8',1),(10161,'DEONTO SA DE CV','DEO1501125QA',1),(10162,'DEPORTES MARTI, S.A. DE C.V.','DMA850716ER5',1),(10163,'DESARROLLOS ESPECIALIZADOS DETREX, S. A. DE C. V.','DET830624I49',1),(10164,'DEUTSCHE BANK  MEX SA INT BCA MUL DIV FID F/1401 MTO TERRAZA','DBM11011043A',1),(10165,'DEUTSCHE BANK MEXICO SA INSTITUCION DE BCA MULT DIV FID INSU','DMB11011043A',1),(10166,'DHL EXPRESS MEXICO S.A DE C.V','DEM8801152E9',1),(10167,'DIAZ ALMAZAN ROBERTO','DIAR690515ES0',1),(10168,'DIAZ CASAÑAS JOSE','DICJ700618KD6',1),(10169,'DIFER PROMO SA DE CV','DPR090211BG3',1),(10170,'DIMAS DE MELO PIMENTA SISTEMAS DE CONTROL DE ASISTENCIA Y A','DMP081020HX3',1),(10171,'DINAMIA PEDREGAL, S.A. DE C.V.','DPE940324UH6',1),(10172,'DISEÑO Y ARQUITECTURA URBE SC','DAU900817Q76',1),(10173,'DISEÑO Y CONSTRUCCIONES ZAVJIM SA DE CV','DCZ110823ID2',1),(10174,'DISTRI COPY SA DE CV','DCO9402102M0',1),(10175,'DISTRIBUCION INTERCERAMIC, S.A. DE C.V.','DIN971119GG6',1),(10176,'DISTRIBUIDORA DE ENLACES ELECTRONICOS, S.A. DE C.V.','DEE0709287PA',1),(10177,'DISTRIBUIDORA SOLA BASIC SA DE CV','EBA060911UL6',1),(10178,'DISTRIBUIDORA XIBALBA, S.A. DE C.V.','DXI0506276Y4',1),(10179,'DO NASCIMENTO BARROS RENATA','DOBR801021811',1),(10180,'DOMA DISEÑO, S.A. DE C.V.','DDI100512K81',1),(10181,'DOMINGUEZ GONZALEZ MANUEL','DOGM4404282W7',1),(10182,'DOMINGUEZ ROCA RAMON','DORR720616SU3',1),(10183,'DONNOVAN ISRAEL GARCIA BOTELLO','GABD811201R8A',1),(10184,'DU PAPIER DISTRIBUIDORA PAPELERA SA DE CV','DPD920714AN9',1),(10185,'DUEÑAS TORRES ERNESTO','DUTE650528PMA',1),(10186,'DURAN WALKER GROUP SA DE CV','DWG081114B15',1),(10187,'ECEMASEME, S.A. DE C.V.','ECE040927JK2',1),(10188,'ECHEGUREN GOMEZ RODRIGO MANUEL','EEGR751208N56',1),(10189,'ECOLAB S DE RL DE CV','ECO8703238B9',1),(10190,'EDGAR SANCHEZ LEON','SALE700218I6A',1),(10191,'EDICIONES DEL NORTE S.A. de C.V.','ENO851126RC0',1),(10192,'EDICOMUNICACIONES MEXICO, S.A. DE C.V.','EME000602QR9',1),(10193,'EDITORIAL ROSTROS SA DE CV','ERO100115NX2',1),(10194,'EL UNIVERSAL COMPAÑIA PERIODISTICA NACIONAL SA DE CV','UPN830920KC4',1),(10195,'ELECTROPURA, S DE RL DE CV','ELE9012281G2',1),(10196,'ELEXXOS QUIMICS SA DE CV','EQU120824D70',1),(10197,'ELIZABETH LISSET SERNA LLAGUNO','SELE810727U80',1),(10198,'EN KAUSA ACELERADORES DE NEGOCIOS SA DE CV','KAN110302HV2',1),(10199,'ENERGIA CREATIVA, S.A. DE C.V.','ECR980612CI4',1),(10200,'ENRIQUE DELGADO TOLEDO','DETE730226LL0',1),(10201,'EPSILON INGENIERIA Y CONECTIVIDAD, S.A. DE C.V.','EIC060721L26',1),(10202,'EQUIPOS Y SISTEMAS DE PARKING SA DE CV','ESP0012224K5',1),(10203,'ESPACIO MINERVA SA DE CV','EMI110502QJ9',1),(10204,'ESPINALES DIAZ CINTHIA JIMENA','EIDC830719HHA',1),(10205,'ESTUDIOS AZTECA SA DE CV','EAZ0311047B6',1),(10206,'EXPOGRAPHICS SA DE CV','EXP911231C65',1),(10207,'FACILEASING, S.A. DE C.V.','FAC910401756',1),(10208,'FERNANDEZ GARCIA LUZ MARIA','FEGL740716BM9',1),(10209,'FERNANDO ALBERTO ESCUDERO GUZMAN','EUGF871121JLA',1),(10210,'FERNANDO MOJICA FERNANDEZ','MOFF8304265K1',1),(10211,'FERNANDO RAFAEL MENDEZ DELGADO (GAPSS)','MEDF680115AT4',1),(10212,'FERNANDO SPINOLA RAMIREZ','SIRF881222JR5',1),(10213,'FERRETERA PEGASO SA DE CV','FPE980326GH9',1),(10214,'FERRETERIA MODELO DE MEXICO SA DE CV RENTA','FMM061215FJ0',1),(10215,'FERRETERIA SANTANDER SA DE CV','FSA680618RE3',1),(10216,'FERRETERIA XALOSTOC, S.A. DE C.V.','FXA740814UQ6',1),(10217,'FIANZAS GUARDIANA INBURSA SA','FGI941124BX6',1),(10218,'FIBRA SHOP ADMINISTRACION SC (AGUA JIUTEPEC)','FSA130703FT4',1),(10219,'FIDEICOMISO CHURUBUSCO 1154/2010','FCU1011169J2',1),(10220,'FIDEICOMISO EN ADMINISTRACION 632','FAD050923G53',1),(10221,'FIDEICOMISO F/422 TORRE DIAMANTE IXE BANCO SA INST BANCA MUL','FFC04031894A',1),(10222,'FIDEICOMISO IRREVOCABLE NUMERO F/00854 RENTA JIUTEPEC','FIN130621UY7',1),(10223,'FIDEICOMISO MRP BOTURINI F00940','FMB121205249',1),(10224,'FIDEICOMISO MRP CUERNAVACA F/01049','FMC140107K24',1),(10225,'FIDEICOMISO MRP LA RAZA F/01021','FMR130904214',1),(10226,'FIMSA CONSTRUCTORA SA DE CV','FCO110224EI1',1),(10227,'FITNESS DIGITAL, S.A. DE C.V.','FDI010122JD3',1),(10228,'FLORES MORENO ALEJANDRO','FOMA760226UC0',1),(10229,'FORLAC ASESORES, S.A. DE C.V.','FAS91012846A',1),(10230,'FORUM TLAQUE SAPI DE CV','FTL090907CG7',1),(10231,'FRAN LEY SA DE CV','FLE870116UG0',1),(10232,'FRANCISCO GERARDO SENTIES HERNANDEZ','SEHF7409107G0',1),(10233,'FRESH SHINING COMPANY SA DE CV','FSH020619HX2',1),(10234,'FRIAS Y LAVALLE, S.A. DE C.V.','FLA880316HZ0',1),(10235,'FUENTES MACIEL MIGUEL ANGEL','FUMM860906SV8',1),(10236,'FUNTANET MANGE GLORIA ANA','FUMG570911IU5',1),(10237,'FUNTANET MANGE MARIA ALEJANDRA','FUMA680429TR0',1),(10238,'FUNTANET MANGE PABLO','FUMP550627MB4',1),(10239,'G Y G A ILUMINACION S DE RL DE CV','GGI110610SG4',1),(10240,'GABRIELA RODRIGUEZ CALDERON (RC PAPELERIA)','ROCG761218247',1),(10241,'GALAZ YAMAZAKI RUIZ URQUIZA SC (DELOITTE)','GYR880101TL1',1),(10242,'GALINDO RODRIGUEZ JALIT RODOLFO','GARJ841206HMS',1),(10243,'GARCIA ALFARO JOSE SILVINO','GAAS720817V22',1),(10244,'GARCIA LEAL IGNACIO DE JESUS','GALI541230EP2',1),(10245,'GARCIA MUÑOZ RENE ANGEL','GAMR791112',1),(10246,'GARDUÑO GONZALEZ PEDRO ANTONIO','GAGP740108KRA',1),(10247,'GARIBAY HERNANDEZ BLANCA ESTELA','GAHB750106CZ3',1),(10248,'GARZA GAS SA DE CV','GGA8306134F4',1),(10249,'GAS GLOBAL CORPORATIVO SA DE CV','GGC020430GA8',1),(10250,'GAS LICUADO SA DE CV','GLI800213MA5',1),(10251,'GAS NATURAL MEXICO SA DE CV','GNM9712017P7',1),(10252,'GAS URIBE DE PUEBLA SA DE CV','GUP900611TA8',1),(10253,'GEA DISEÑOS DE INGENIERIA, S.A. DE C.V.','GDI110124UV8',1),(10254,'GELACIO CASTAÑEDA RAMIREZ','CARG621121GQ3',1),(10255,'GEOZONA MARKETING S.A. DE C.V.','GMA120921DAA',1),(10256,'GI MARMOLES, S.A. DE C.V.','GMA070525QR8',1),(10257,'GIGANTE S.A DE C.V','GIG840801NC7',1),(10258,'GIL MUÑIZ RICARDO ALEJANDRO','GIMR691019FI9',1),(10259,'GMEX CONSULTING SRL DE CV','GCO140801RE5',1),(10260,'GMP SISTEMAS SA DE CV','GSI980109EL9',1),(10261,'GNR DE MEXICO SA DE CV','GME010111MX9',1),(10262,'GOBIERNO DEL DISTRITO FEDERAL','GDF9712054NA',1),(10263,'GOBIERNO DEL ESTADO DE HIDALGO','GEH690116NV7',1),(10264,'GOBIERNO DEL ESTADO DE JALISCO','SPC130227L99',1),(10265,'GOBIERNO DEL ESTADO DE MEXICO','GEM820101BJ3',1),(10266,'GOBIERNO DEL ESTADO DE MORELOS','GEM720601TW9',1),(10267,'GOBIERNO DEL ESTADO DE PUEBLA','GEP8501011S6',1),(10268,'GOLOGAM IMPORTADORES Y EXPORTADORES SA DE CV','GIE0108102B0',1),(10269,'GOMEZ BALMORI JOSE MARIA','GOBM651202Q3A',1),(10270,'GONZALEZ CORTINA GLENDER Y CIA, S.A. DE C.V.','GCG891101RI8',1),(10271,'GONZALEZ VILLANUEVA GUSTAVO MAURI','GOVG760805',1),(10272,'GOTCHOMANIA SA DE CV','GOT0301079B9',1),(10273,'GRAND PASIONA SA DE CV','GPA140527432',1),(10274,'GRUPO AQUIME SA DE CV','GAQ101210NJ6',1),(10275,'GRUPO BABENI SA DE CV','GBA1008065HA',1),(10276,'GRUPO BRANSOL SA DE CV','GBR110714LW4',1),(10277,'GRUPO COMERCIAL JOYEROS EMBLEMATICOS SA DE CV','GCJ100913HQ8',1),(10278,'GRUPO DIRETEC SA DE CV','GDI100721QX0',1),(10279,'GRUPO EDITORIAL SIMJOR SA DE CV','GES101020HK9',1),(10280,'GRUPO EMPRESARIAL ARCOBALENO, SA DE CV','GEA051026KU3',1),(10281,'GRUPO EMPRESARIAL CONSULTIVO EN INTEGRACION Y TECNOLOGIA S.A','GEC100823FV9',1),(10282,'GRUPO ILYO MARKETING Y PUBLICIDAD SA DE CV','GIM1004196W5',1),(10283,'GRUPO MARTI, S.A. B DE C.V.','GMA8108184L9',1),(10284,'GRUPO MASTER KONG SA DE CV','GMK070622376',1),(10285,'GRUPO MERKANDA SA DE CV','GME140822KH9',1),(10286,'GRUPO NAVEL SAN JERONIMO SA DE CV','GNS07082497A',1),(10287,'GRUPO O PORT SA DE CV','GOP050530GCA',1),(10288,'GRUPO PARKARE MEXICO SA DE CV','MIP050713RN9',1),(10289,'GRUPO RAJUAL INTERNACIONAL S DE RL DE CV','GRI051103367',1),(10290,'GRUPO RPS AMERICAS SA DE CV','GRA150508I75',1),(10291,'GRUPO SPORT CITY, S.A. DE C.V.','GSC011114FM0',1),(10292,'GRUPO T18 S.A. DE C.V.','GTX140514L76',1),(10293,'GRUPO TELEVISA S.A.B','GTE901219GK3',1),(10294,'GRUPO TRIATIUM SA DE CV','GTR010516887',1),(10295,'GSB PERFORMANCE, S.A. DE C.V.','GPE111024L25',1),(10296,'GUILLERMO ANTONIO GARCIA RAMOS','GARG841003D85',1),(10297,'GUSTAVO ALBERTO MORALES TORRES','MOTG860408BT8',1),(10298,'GYM & SPA BOUTIQUE CONCEPT, SA DE CV','GAS101004NH2',1),(10299,'HARMONY BROOK DE MEXICO, S.A. DE C.V','HBM940113RE2',1),(10300,'HEAVY GYM SOLUTIONS S DE RL DE CV','HGS130426KI4',1),(10301,'HERMAN MILLER MEXICO SA DE CV','HMM9612234Y9',1),(10302,'HERNANDEZ ROCHA CARLOS MANUEL','HERC851208RK7',1),(10303,'HIGIENE + SALUD SA DE CV','HSS05030113A',1),(10304,'HP OPERATIONS MEXICO S DE RL DE CV','HPO0106272A2',1),(10305,'HUNTER & MC KENCY, S.A. DE C.V.','H&K040513462',1),(10306,'HYGOLET DE MEXICO S.A. DE C.V.','HME901205MY8',1),(10307,'I MONTSERRAT, S.A. DE C.V.','IMO941212T30',1),(10308,'IEMSICO, S.A. DE C.V.','IEM021114RG6',1),(10309,'IESSA SA DE CV','IES960422AD7',1),(10310,'IMM INTERNET MEDIA MEXICO SRL DE CV','IMM100219CQ9',1),(10311,'IMPRESOS BG SA DE CV','IBG050921526',1),(10312,'INDELPA SA DE CV','IND960930PN6',1),(10313,'INDICIUM SOLUTIONS SA DE CV','ISO0110168Q9',1),(10314,'INDUFER SA DE CV','IND150206FG1',1),(10315,'INDUSTRIAS CERTANIUM, SA DE CV','ICE000823FK9',1),(10316,'INDUSTRIAS NEON INTEGRAL DE MEXICO SA DE CV','INI990609C30',1),(10317,'INEDESCA, S.A. DE C.V.','INE980121MZ4',1),(10318,'INFINITYSOFT, GLOBAL IT SERVICES SA DE CV','IGI0904224B9',1),(10319,'INFLECTION Y ASESORIA SA DE CV','IAS090724LN7',1),(10320,'INFOPOWER SA DE CV','INF080312DK2',1),(10321,'INGENIERIA ESTRUCTURAL SISMORRESISTENTE SA DE CV','IES930304IS5',1),(10322,'INMOBILIARIA CITELIS SA DE CV','ICI100719QY2',1),(10323,'INMOBILIARIA DU SA DE CV','IDU140218MDA',1),(10324,'INMOBILIARIA INSURGENTES 553 S.A. DE C.V.','IIQ810729F67',1),(10325,'INMOBILIARIA LICEO SA DE CV','ILI001010NK3',1),(10326,'INMOBILIARIA MARTI DE SANTA URSULA TLALPAN SA DE CV','IMS810818B70',1),(10327,'INMOBILIARIA PARA EL DESARROLLO DE PROYECTOS, S.A. DE C.V.','IDP040304EW2',1),(10328,'INMOBILIARIA PLAZA COMERCIAL AMERICA S.A. DE C.V.','IPC990414EV1',1),(10329,'INMOBILIARIA SANTERRUM SA DE CV','ISA0212201K6',1),(10330,'INMOBILIARIA SBLAN SA DE CV','ISB841230DB6',1),(10331,'INMOBILIARIA TORRE M SA DE CV','ITM941125QQ8',1),(10332,'INMOBILIARIA VISION SA DE CV','IVI811218GH5',1),(10333,'INMOBILIARIA Y CONSTRUCTORA TTT, SA DE CV','ICT031209DW7',1),(10334,'INMUEBLES PENSIL SA DE CV','IPE100511PZA',1),(10335,'INNTECSA INNOVACION TECNOLOGICA PARA LA SALUD SA DE CV','IIT120801KI7',1),(10336,'INSIS S.A. DE C.V.','ISS06032784A',1),(10337,'INTEGRACION DE EQUIPOS ELECTRICOS Y ELECTRONICOS, S.A. DE C.','IEE991026I63',1),(10338,'INTELLIGENCE IN DEVELOPMENT INFORMATIC, S.C.','IID081209S95',1),(10339,'INTERMEC, S.A. DE C.V.','INT9212149H4',1),(10340,'INTEROS TI SERVICES, SA DE CV','ITS110405P15',1),(10341,'INVEX ARRENDADORA SA DE CV','IAR130401E84',1),(10342,'IPG MEDIA BRANDS COMMUNICATIONS, SA DE CV','IMB970101TT2',1),(10343,'IPSOS BIMSA S.A. DE C.V.','BIM850201Q10',1),(10344,'IPSOS BIMSA, S.A. DE C.V.','BIM850201QI0',1),(10345,'IRON DARK INGENIERIA, S.A. DE C.V.','IDI950710HK8',1),(10346,'ISOLE CONSTRUCCIONES S.A. DE C.V.','ICO051017GS0',1),(10347,'ITE SOLUCIONES SA DE CV','ISO0205155Z6',1),(10348,'IUSACELL SA DE CV','IUS890616RH6',1),(10349,'IVAN IBAÑEZ DE LA ROSA','IARI760811UQ9',1),(10350,'IZQUIERDO RANGEL RAFAEL IVAN','IURR830906',1),(10351,'JAIME ABRAHAM PEREZ MARTINEZ','PEMJ840524P79',1),(10352,'JAIME LOBATON ABADI','LOAJ76060811A',1),(10353,'JAVIER ALEJANDRO AVILA ROSAS','AIRJ83081126A',1),(10354,'JIFLI MEX S.A. DE C.V.','JME101220DGA',1),(10355,'JIMENEZ ESPINOZA JOSE LUIS','JIEL760517RL6',1),(10356,'JIMENEZ MORA ALBERTO SALVADOR','JIMA771126XXX',1),(10357,'JORGE AHUMADA AYALA','AUAJ590219DP4',1),(10358,'JOSE SANTOS ESCARCEGA ROQUE','EARS7008085X7',1),(10359,'JOVLIN, S.A. DE C.V.','JOV951213QV0',1),(10360,'JP IT CONSULTANT & OUTSOURCING SA DE CV','JIC131022BB4',1),(10361,'JUAN ABRAHAN MANZANO GARCIA.','MAGJ830103FJA',1),(10362,'JUAN CARLOS GOMEZ BALMORI','GOBJ690711U6A',1),(10363,'JUAN CARLOS SANCHEZ QUIÑONES','SAQJ701222JS0',1),(10364,'JUAREZ CASTELAR OSCAR','JUCO871008UL6',1),(10365,'JUAREZ MENDOZA ALBERTO','JUMA600222RH3',1),(10366,'JUDITH ELISA TAMAYO VIVANCO','TAVJ8406158H1',1),(10367,'JULIO EDUARDO FIERRO AYALA','FIAJ830417',1),(10368,'JUST FIRST SA DE CV','JFI130320QW3',1),(10369,'KARLAN, S.A. DE C.V.','KAR910819CT1',1),(10370,'KCA INTERNATIONAL CONSTRUCTION MANAGEMENT & CONSULTING SA DE','KIC971111GJ3',1),(10371,'KOLOR MATS PUBLICIDAD, S.A. DE C.V.','KMP020823J68',1),(10372,'KOPLIN CONTROL S.A DE C.V','KCO031212FS3',1),(10373,'KPMG CARDENAS DOSAL, SC','KCD920903G48',1),(10374,'LAR CREA RESIDENCIAL III SA DE CV','LCR070409G51',1),(10375,'LAVIN DELGADO CONCEPCION','LADC370909JY1',1),(10376,'LAZARO BEDOLLA MARIA IVONNE','LABI770902BK9',1),(10377,'LECHUGA FONSECA BERTHA ITZEL','LEFB820912',1),(10378,'LELIA SA','LEL810807NE3',1),(10379,'LEO COMERCIAL DE EQUIPOS, S.A. DE C.V.','LCE010511J88',1),(10380,'LIFETIME EVOLUTION SA DE CV','LEV150312HTA',1),(10381,'LMF FRISA COMERCIAL S DE RL DE CV','LFC0602027Q5',1),(10382,'LOPEZ FERNANDEZ DIEGO','LOFD8407271J7',1),(10383,'LOPEZ HERNANDEZ LUIS JAVIER','LOHL8609242Q2',1),(10384,'LOPEZ OLVERA MARIA ESTHER','LOOE511221E57',1),(10385,'LOPEZ VEGA MAURICIO DANIEL','LOVM8802018C8',1),(10386,'LOWE AND PARTNERS SA DE CV','RWO020627E69',1),(10387,'LOYA MAQUEDA LUIS EDUARDO','LOML840827UM1',1),(10388,'LOZANO PEREZ RICARDO','LOPR7504293T5',1),(10389,'LUCERNA STUDIO SAPI DE CV','LST100806BG9',1),(10390,'LUIS ENRIQUE CARRANZA ANGELES','CAAL851117BJO',1),(10391,'LUIS OCTAVIO DOMINGUEZ TAGLE PRADO','DOPL840305TH1',1),(10392,'LUISA NAGLE','NALU901008GR4',1),(10393,'M/ARENAS FACILITY SERVICES, S.A. DE C.V.','MFS120207AI0',1),(10394,'M2 PARKING SA DE CV','MPA120612HK2',1),(10395,'MACRO SERVICIOS DEL NORTE SA DE CV','MSN960926C47',1),(10396,'MANIAC PLANEACION INTEGRAL, SA DE CV','MIN110203E25',1),(10397,'MANTENIMIENTO DE ESTACIONAMIENTOS AUTOMATIZADOS SA DE CV','MEA1005032V2',1),(10398,'MANTENIMIENTO INTEGRAL CSMX SA DE CV','MIC130308QC3',1),(10399,'MARATHON DESARROLLO URBANO SA DE CV','MDU140217G26',1),(10400,'MARES CRUZ RAQUEL ARACELI','MACR8505239Z8',1),(10401,'MARIA DE JESUS KENIA ALCANTARA GOMEZ','AAGJ710716M95',1),(10402,'MARIA DEL ROSARIO DE ZALDO CAMPOS','ZACR800625189',1),(10403,'MARIA SOLEDAD ALDANA ZAVALA','AAZS710528TAA',1),(10404,'MARKETING QUE SI VENDE SA DE CV','MQS130802EF3',1),(10405,'MARTINEZ GARCIA EDUARDO','MAGE840903M24',1),(10406,'MARTINEZ TABOADA ALEJANDRA','MATA770624IM7',1),(10407,'MARTIÑON BLANCAS MARCO ANTONIO','MABM730226IR0',1),(10408,'MARZIHUA SA DE CV','MAR110727124',1),(10409,'MAS LAMINADOS Y DISEÑOS, S.A. DE C.V.','MLD0702069C5',1),(10410,'MAXIMA COMUNICACION GRAFICA S.C.','MCG050118F95',1),(10411,'MAYAN GARDEN SA DE CV','MGA970530A26',1),(10412,'MAYOREO FERRETERO ATLAS SA DE CV','MFA030403T73',1),(10413,'MEDINA BERTIN DIDIER TIRONI','MEBD800227123',1),(10414,'MEDSTENT SA DE CV','MED950301RK2',1),(10415,'MEGASUN GUADALAJARA SA DE CV','MGU0803197HA',1),(10416,'MEJIA REYNOSO PEDRO DAMIAN','MERP781201B56',1),(10417,'MEJORES LIDERES DE MEXICO AC','MLM141209V17',1),(10418,'MENESES ALCALA MIGUEL ANGEL','MEAM7912019A1',1),(10419,'MERCASEGMENTO SA DE CV','MER1204116G0',1),(10420,'MERKD-A SA DE CV (LA GUIA SANTA FE POLANCO CONDESA)','MER060929TL4',1),(10421,'MEZA GAMA ULISES PABLO','MEGU740411182',1),(10422,'MICROMERCADOS GEOLOCALIZADOS SAPI DE CV','MMG1211013L3',1),(10423,'MIGUEL GARCIA VILCHIS','GAVM720622I96',1),(10424,'MILLAN GOMEZ ERENDIRA FABIOLA','MIGE660725F59',1),(10425,'MILO ARAUJO MARIO ALBERTO (PRO CLEAN)','MIAM810502SJ3',1),(10426,'MODUVOX, SA DE CV','MOD020814AI2',1),(10427,'MONICA DEL ROCIO RODRIGUEZ TORRES','ROTM751130JX4',1),(10428,'MONTIEL PACHECO JUAN ALFREDO','MOPJ780603S23',1),(10429,'MORALES HINOJOSA CLAUDIA SUSANA','MOHC781115B17',1),(10430,'MORALES TOVAR ORLANDO ORESTE FRANCISCO JULIAN','MOTO8805019F4',1),(10431,'MOSQUEDA BENITEZ CARLOS AUGUSTO','MOBC761104EM3',1),(10432,'MOSQUEDA REYES GUILLERMO','MORG660318R97',1),(10433,'MPI SOLUCIONES INTEGRALES SA DE CV','MSI131008F54',1),(10434,'MRC RELACIONES PUBLICAS SA DE CV','MRP050914738',1),(10435,'MRP TLAHUAC S DE RL DE CV','DDC1205295D3',1),(10436,'MULTIGAS SA DE CV AVILA CAMACHO','MUL781020MJ7',1),(10437,'MULTISERVICIOS MEXICANOS SA DE CV','MME950630JE2',1),(10438,'MUNICIPIO DE COACALCO DE BERRIOZABAL','TMC850101HV1',1),(10439,'Municipio de Cuautlancingo','MCP850101944',1),(10440,'MUNICIPIO DE CUERNAVACA','MCU190708N40',1),(10441,'MUNICIPIO DE JIUTEPEC','MJI590430MT3',1),(10442,'MUNICIPIO DE NAUCALPAN DE JUAREZ.','MNJ840101LT5',1),(10443,'MUNICIPIO DE NEZAHUALCOYOTL','MNE850101AS5',1),(10444,'MUNICIPIO DE PACHUCA DE SOTO','MPS6201017E2',1),(10445,'MUNICIPIO DE PUEBLA',' MPU6206015F0',1),(10446,'MUNICIPIO DE TLALNEPANTLA DE BAZ','MTB781223GFA',1),(10447,'MUNICIPIO DE TOLUCA','MTO2001014Y6',1),(10448,'MUNICIPIO DE ZAPOPAN JALISCO','MZJ890101MS8',1),(10449,'NOEMI R VILLAGOMEZ RAMIREZ','VIRN7005064D6',1),(10450,'NOR-SEG SERVICIOS DE SEGURIDAD PRIVADA, S.A. DE C.V.','NSS000526388',1),(10451,'NOTARIAS 140 Y 236, S.C.','NCC0512208R8',1),(10452,'NOTMUSA SA DE CV','NOT011226T29',1),(10453,'NOVIDESA, S.A. DE C.V.','NOV0509053I7',1),(10454,'NOVOMEDIA SOLUCIONES EN COMUNICACIONES SA DE CV','NSC1311086G7',1),(10455,'NPI NUEVAS PROMOCIONES INTEGRALES SA DE CV','NNP0707049E2',1),(10456,'NURSAL EQUIPOS Y REPRESENTACIONES, S.A. DE C.V.','NER101129PU9',1),(10457,'OAPAS','OPD911203CP3',1),(10458,'OBRA CIVIL Y ACABADOS VIBE SA DE CV','OCA150529F99',1),(10459,'OBRAS Y ACABADOS COMERCIALES, S.A. DE C.V.','OAC03031375A',1),(10460,'OLIVARES HERMANOS SA DE CV','OHE831115VC2',1),(10461,'OLMOS MANZANO MARIO','OOMM600407BT1',1),(10462,'OMEDIA SERVICIOS CORPORATIVOS SA DE CV','OSC0902055U7',1),(10463,'ON ARQUITECTURA S.A. DE C.V.','OAR020918NA8',1),(10464,'OOAPAS AGUA MORELIA','OOA950612U6A',1),(10465,'OPERADORA CENTRAL DE ESTACIONAMIENTOS, S.A. DE C.V.','OCE9412073L3',1),(10466,'PACHECO RANGEL ALFONSO','PARA5704235KA',1),(10467,'PADUA NAIM SUCAR LUIS JESUS','NASL570224IF6',1),(10468,'PARE DE OCCIDENTE SA DE CV','POC691128ED4',1),(10469,'PARQUE TEZONTLE, S.A. DE C.V.','PTE041116RM9',1),(10470,'PASION Y ALCANCE DEPORTIVO S3 SRL DE CV','PAD140428HI5',1),(10471,'PEÑA LARA JOSE JUAN','PELJ651017RA1',1),(10472,'PEOPLE NETWORK, S.A. DE C.V.','PNE040109H17',1),(10473,'PEREZ ESPINOSA RAFAEL','PEER720907PX7',1),(10474,'PEREZ MORENO LIZET ANEL','PEML910726H62',1),(10475,'PIEL ACTIVA, S.A. DE C.V.','PAC081112N57',1),(10476,'PILACEL SA DE CV','PIL1503112R3',1),(10477,'PINEDA RODRIGUEZ MARIANO','PIRM710801NC0',1),(10478,'PLAZA COMERCIAL MENANTI AC','PCM120814H16',1),(10479,'PLAZA EL ROSARIO, S.A. DE C.V.','PRO991105HFA',1),(10480,'PLAZAVALETA SA DE CV','PLA140130M29',1),(10481,'PORRAS GARCIA OLLANTAY GABRIEL','POGO820820',1),(10482,'POWER PLATE MEXICO SA DE CV','PPM050216SR6',1),(10483,'PRECISION ANALITICA INTEGRAL SA DE CV','PAI1104052X3',1),(10484,'PRESTADORES DE SERVICIOS EXTERNOS, SA DE CV','PSE9808199C3',1),(10485,'PRICEWATERHOUSECOOPERS S.C.','PRI981101785',1),(10486,'PRINTAGON, S.A. DE C.V.','PRI040316MS1',1),(10487,'PRO ITALY MARK, S.A. DE C.V.','PIM8212089C7',1),(10488,'PROCESA NETWORK, S.A. DE C.V.','PNE960905LY7',1),(10489,'PROCESADORA LUNAS LEON SA DE CV','PLL150107HK0',1),(10490,'PROCIVAC, A.C.','PRO720718RJ8',1),(10491,'PROFESIONALES EN BIENES INMUEBLES Y EMPRESAS, SC.','PBI960927FD0',1),(10492,'PROMO LIFE S DE RL DE CV','PLI110923VB4',1),(10493,'PROMOCION URBANA SA DE CV','PUR790718MG1',1),(10494,'PROMOCIONES AMERICA LATINA, SA DE CV','PAL030731427',1),(10495,'PROMOCIONES TURISTICAS HERCA, SA DE CV','PTH910926179',1),(10496,'PROMOTORA DE VENTAS SATELITE, S.A. de C.V.','PVS871105A37',1),(10497,'PROYECCION URBANISTICA SA DE CV','PUR8809301P9',1),(10498,'PROYECTO SEVILLA PLUS SA DE CV','PSP991105KU3',1),(10499,'PUBLICACIONES METROPOLITANAS SA DE CV','PME051206NG5',1),(10500,'PUBLICIDAD ESTIGMA SA DE CV','PES120120LI9',1),(10501,'PUBLICIDAD PROVOC-ARTE, S.A. DE C.V.','PPG090910889',1),(10502,'PUBLIDEAS, S.A. (Publicidad)','PUB820224EK0',1),(10503,'PUBLIDEAS, SA (Manttto,agua,multas)','PUB820224EKO',1),(10504,'PUBLIMEDIA EXTERIORES E IMPRESOS SA DE CV','PEE140128EB3',1),(10505,'PUBLIMEX ESPECTACULAR SA DE CV','PES051223G68',1),(10506,'PUEBLA MELENDEZ EDMUNDO','PUME851205GR6',1),(10507,'PUNTO SAO PAULO S DE RL DE CV','PSP090827B42',1),(10508,'QBIT MEXHICO, S. DE R.L. DE C.V.','QME080121BF8',1),(10509,'QUANAM, S.A. DE C.V.','QUA081021VB3',1),(10510,'QUANTICOS ASESORES SC','QAS030606DB3',1),(10511,'QUAR CONSTRUCTORA, S.A. de C.V.','QCO9205155X8',1),(10512,'QUIMERA B.T.L. SA DE CV','QBT1403071F7',1),(10513,'QUIMICA ROSMAR SA DE CV','QRO831117D90',1),(10514,'QUINCE CERO UNO SA DE CV','QCU030731CE1',1),(10515,'QUIÑONES NAVA LUIS ERNESTO','QUNL801204FG5',1),(10516,'RA COMERCIAL SA DE CV','RCO031127E63',1),(10517,'RADIOMOVIL DIPSA SA DE CV (TELCEL)','RDI841003QJ4',1),(10518,'RAMIREZ FERRER BLANCA LIZBETH','RAFB760826CW2',1),(10519,'RAMIREZ HERNANDEZ LETICIA','RAHL850310PW6',1),(10520,'RANGEL LIÑAN JUAN CARLOS','RALJ550624A66',1),(10521,'RAYA MEDINA DAVID','RAMD770327CS8',1),(10522,'RECREATIVAS PAGAZA','RPA0701241D0',1),(10523,'REMOMEXICO SA DE CV','REM0901087E8',1),(10524,'RESENDIZ RODRIGUEZ NADIA EILYN','RERN9001278R1',1),(10525,'REVEX, S.A. DE C.V.','REV031027SI2',1),(10526,'REVOLVER EXPERIENCE SA DE CV','REX081023659',1),(10527,'REYES QUINTERO IVAN GEMAYEL','REQI831213FT8',1),(10528,'RICARDO DANIEL LOPEZ LOPEZ','LOLR741220M10',1),(10529,'RINCON NAJERA HUGO','RINH840808656',1),(10530,'ROA ESCOBAR EVA CECILIA','ROEE7312124P3',1),(10531,'ROBLES ESPIN ISAURA','ROEI821117CB9',1),(10532,'RODRIGUEZ DIAZ Y PUGA LUIS RICARDO','RODL9107149Z8',1),(10533,'RODRIGUEZ JUANA','ROJU750624UX9',1),(10534,'RODRIGUEZ RODRIGUEZ LAURA DONAJI','RORL790814',1),(10535,'ROMO COVARRUBIAS JOSE GUADALUPE','ROCG7803289Z1',1),(10536,'ROSALES SOTO NURI ITZEL','ROSN820119EM7',1),(10537,'RUTA EJECUTIVO SANTA FE SA DE CV','RES0608023I9',1),(10538,'SAFE DATA RESOURCES SA DE CV','SDR95082479A',1),(10539,'SAID MAAUAD JUAN CARLOS','SAMJ800616CN7',1),(10540,'SALVADOR CARREON CARRASCO (PHOTO SHOT)','CACS8010231B1',1),(10541,'SANCHEZ ALEJOS CARLOS GUILLERMO','SAAC8812124A8',1),(10542,'SANCHEZ ATILANO LUIS DANIEL','SAAL790926T62',1),(10543,'SANTANA BASURTO ALEJANDRA','SABA900628NF3',1),(10544,'SANTIAGO ANTONIO REYES BUCK','REBS840815CE4',1),(10545,'SANTOS CRUZ RAFAEL','SACR8504012H0',1),(10546,'SAUL HERNANDEZ HERNANDEZ','HEHS6911228Z3',1),(10547,'SCHETTINO MAZZEO BLAS JORGE','SEMB360830G9A',1),(10548,'SDC PROESA, SA DE CV','SPR0205025G0',1),(10549,'SEGUROS INBURSA, S.A. GRUPO FINANCIERO INBURSA','SIN9408027L7',1),(10550,'SERVICIO INTEGRAL DE LIMPIEZA SAN MIGUEL, S.A. DE C.V.','SIL081007TL6',1),(10551,'SERVICIO PRIVADO DE EMERGENCIA SA DE CV','SPE9211172Y0',1),(10552,'SERVICIOS ADMINISTRADOS MEXIS SA DE CV','SAM931020E59',1),(10553,'SERVICIOS ADMINISTRATIVOS MARTI, S.A. DE C.V.','SAM011217V64',1),(10554,'SERVICIOS CORPORATIVOS SPORT CITY, S.A. DE C.V.','SCS03081577T1',1),(10555,'SERVICIOS DEPORTIVOS PARA LATINOAMERICA, S.A. DE C.V.','SDL110825JF0',1),(10556,'SERVICIOS INTEGRALES DE PREVENCION CONTRA EL FUEGO S DE RL D','SIP110531248',1),(10557,'SERVICIOS POBLANOS DE MERCADOTECNIA SA DE CV','SPM060911BD2',1),(10558,'SERVICIOS PROFESIONALES EN COMUNICACION GRAFICA SA DE CV','SPC090126FB5',1),(10559,'SERVICIOS TECNOLOGIA Y ORGANIZACION SA DE CV','STO020301G28',1),(10560,'SERVIGAS SA DE CV','SER8202026T3',1),(10561,'SERVIPRO, S.A. DE C.V.','SER900426T39',1),(10562,'SHERWIN WILLIAMS SA DE CV','SWI5210141J5',1),(10563,'SIGA DISEÑO Y CANCELERIA ARQUITECTONICA SA DE CV','SDC140729AL5',1),(10564,'SILVIA GUADALUPE VELENZUELA CAMACHO','9VASC770612MDF',1),(10565,'SISTEMAS AMBIENTALES ESPECIALIZADOS, S.C.','SAE000918GR2',1),(10566,'SISTEMAS CONTINO SA DE CV','SCO890622BT5',1),(10567,'SISTEMAS EN AUDIO COMERCIAL SA DE CV','SAC110818RH8',1),(10568,'SISTEMAS ESPECIALIZADOS INTEGRALES SA DE CV','SEI011206DQ2',1),(10569,'SKAKOAN S.A. DE C.V.','SKA090512L32',1),(10570,'SLAUKA LADEWIG SEÑKOWSKI','LASS7112048CA',1),(10571,'SMITH MARQUEZ JAMES PAUL','SIMJ750917TR3',1),(10572,'SOCIEDAD FINANCIERA INBURSA, SA DE CV','FIS0008226ZA',1),(10573,'SOLER & PALAU, S.A. DE C.V.','SPA861201DK4',1),(10574,'SOLUCIONES ELECTRONICAS A TECNOLOGIAS DE LA INFORMACION SA D','SEA130827GQ5',1),(10575,'SOLUCIONES TECNOLOGICAS EN COMUNICACIONES, S.A. DE C.V.','STC9809027G1',1),(10576,'SOLUMICROS, S.A. DE C.V.','SOL890912MK8',1),(10577,'SONDA MEXICO SA DE CV','SME040223T23',1),(10578,'SONIGAS SA DE CV','SON990511MI0',1),(10579,'SPORT CITY LOMAS VERDES SA DE CV','SCL040705PX8',1),(10580,'SPORT CITY METROPOLITANO, S.A. DE C.V.','SCM020213U95',1),(10581,'SPORT CITY, S.A. DE C.V.','SCI011114UY7',1),(10582,'SPORT CITY, SA DE CV (PRESTAMOS)','REEMBOLSO GTOS',1),(10583,'SPORT FITNESS, S.A. DE C.V.','SFI991123AZA',1),(10584,'SSL DIGITAL, S.A. DE C.V.','SDI931110HM7',1),(10585,'STARAN CONSULTORES, S.A. DE C.V.','SCO010202LE1',1),(10586,'STEFANINI MEXICO SA DE CV','SME0102069F8',1),(10587,'STRENGTHS CONSULTING SERVICES INC SA DE CV','SCS050603MQ4',1),(10588,'SUPER PLAZA MIRAMONTES FIDEICOMISO 1052/2009','SPM091218A62',1),(10589,'SUPERFICIES QFLOOR SA DE CV','SQF120217L69',1),(10590,'SUPLEMENTOS Y SUMINISTROS SAINT CLAIRE SA DE CV','SSS041123GZ3',1),(10591,'SZUBBOCSEV NATALIA','SUNA740809KZ6',1),(10592,'T.U.C. CORPORATIVO, S. DE R.L. DE C.V.','TCO0802279B0',1),(10593,'TAPIA GARCIA INGENIEROS SA DE CV','TGI021031IF8',1),(10594,'TAPIA RANGEL CESAR ANGEL','TARC7304142F5',1),(10595,'TARGET MAGAZINE SA DE CV','TMA100111FQ3',1),(10596,'TARRAB MEES DAVID ALBERTO','TAMD800824F12',1),(10597,'TAXDAY SC','TAX120516UJ1',1),(10598,'TECNOLOGIA EN COMPUTACION Y REDES, S.A. DE C.V.','TCR020123VB4',1),(10599,'TECNOLOGIA EN INFORMATICA MULTIPLE SA DE CV','TIM030714AU3',1),(10600,'TECNOLOGIAS SUSTENTABLES BCM SA DE CV','TSB120214P88',1),(10601,'TEJIDOS DEL SAN S.A. DE C.V.','TDE070122R26',1),(10602,'TELLEZ GIRON HERNANDEZ PEDRO','TEHP810111I52',1),(10603,'TERESA PIÑA TORRES','PITT7804253H0',1),(10604,'TESLA Y TECNICOS ASOCIADOS, S.C.','TTA890711JP9',1),(10605,'TFQUASTART ALUMINIO Y VIDRIO S.A. DE C.V.','TAV06092615A',1),(10606,'TIENDAS CHEDRAUI SA DE CV','TCH850701RM1',1),(10607,'TIENDAS CRUCERO CHEDRAUI S.A DE C.V','TCC021206GY6',1),(10608,'TONY TIENDAS SA DE CV','TTI961202IM1',1),(10609,'TORNEL IBAÑEZ RAUL','TOIR730711TF4',1),(10610,'TORRE 342 REFORMA A.C.','TTC120503TB4',1),(10611,'TOTAL PLAY TELECOMUNICACIONES SA DE CV','TPT890516JP5',1),(10612,'TOTAL WELLNESS, S.A. DE C.V.','TWE060522L20',1),(10613,'TRANE, S.A. DE C.V.','TRA670207Q71',1),(10614,'TRANSPORTES ENMARK SA DE CV','TEN9811166Q1',1),(10615,'TRILOGIC OUTDOOR SA DE CV','TOU120926DI3',1),(10616,'TRIOLBEIN, S.A. DE C.V.','TRI850110FS7',1),(10617,'VALLEJO GONZALEZ RAFAEL','VAGR790208KY8',1),(10618,'VARAS MARTINEZ LUIS MIGUEL','VAML831203XXX',1),(10619,'VARGAS GUERRERO BERNARDO','VAGB660820ME2',1),(10620,'VAZQUEZ GARCIA JAVIER','VAGJ700415V52',1),(10621,'VAZQUEZ GARCIA MIGUEL ANGEL','VAGM670108PB8',1),(10622,'VELASCO CAMPOS JOSE ALEJANDRO','VECA920117P8A',1),(10623,'VELAZQUEZ NUÑEZ KARLA NILED','VENK860815VC3',1),(10624,'VENDOR PUBLICIDAD EXTERIOR S DE RL DE CV','VPE9805283C9',1),(10625,'VENTILADORES MEXICO SA DE CV','VME0511266P4',1),(10626,'VILLARUEL DIAZ INGRID ANAID','VIDI7807192D2',1),(10627,'VILLASEÑOR ZAMBRANO GERMAN','VIZG8902128G6',1),(10628,'VIRTUALIZACION Y NUEVAS TECNOLOGIAS S.A DE C.V','VNT091216GK2',1),(10629,'VULCANIZADORA EVEREST, S.A. DE C.V.','VEV850709LC1',1),(10630,'VX COMUNICACIONES SA DE CV','VCO071024553',1),(10631,'ZARATE MACIAS MARIA DEL PILAR','ZAMP620314RF7',1),(10632,'ZIVA LATIN AMERICA SA DE CV','ZLA140128TX5',1),(10633,'ZU GAS, S.A. DE C.V.','ZGA7202096G9',1),(10634,'ARTERIA SOLUCIONES SA DE CV','ASO100302DP2',1),(10635,'ASAP PERFORMANCE DO CONHECIMENTO EIRELI EPP','23.554.172',1),(10636,'AUTOMOTORES DE MEXICO SA DE CV','AME6907306R3',1),(10637,'AVANDARO OPERACIONES TURISTICAS SA DE CV','AOT0407161T0',1),(10638,'BANCO MONEX, S.A.','BMI9704113PA',1),(10639,'BARRERA SIQUEIROS Y TORRES LANDA SC','BST 820102 8Y2',1),(10640,'BARROSO PEREZ HUGO URIEL','BAPH810623281',1),(10641,'CAJA DE AHORROS DE MARTI, SC','CAM900208HCO',1),(10642,'CARLSON WAGONLIT MEXICO SA DE CV','CWM051019NX8',1),(10643,'CARRANZA ZAVALA ALMA NORMA','CAZA730609UK3',1),(10644,'CEMPRE CONHECIMENTO E EDUCACAO EMPRESARIAL & EDITORA LTDA','113.515.185.117',1),(10645,'CORONA CAROLINA','FEXA860927',1),(10646,'DOSAL NORIEGA MARIA DEL ROCIO','DONR530902GE1',1),(10647,'EXPLORA TOURS SA DE CV','ETO941021L12',1),(10648,'FACILEASING EQUIPMENT, S.A. DE C.V.','FEQ901015QV5',1),(10649,'GOBIERNO DEL ESTADO DE MEXICO','GEM850101BJ3',1),(10650,'HD IDEAS S DE RL DE CV','HID140924RYA',1),(10651,'HOTELES Y VILLAS POSADAS SA DE CV','ASO0408178B2',1),(10652,'IDC SOLUCIONES SA DE CV','ISO130814AF2',1),(10653,'IVAN IBAÑEZ DE LA ROSA','IAR760811UQ9',1),(10654,'J. I. ESTACIONAMIENTOS SA DE CV','JIE040415KE5',1),(10655,'JOSE LUIS SALINAS RODRIGUEZ','SARL650121PV5',1),(10656,'JULIO EDUARDO FIERRO AYALA','FIAJ8304179N9',1),(10657,'LATAMGYM SAPI DE CV','LAT110824BJ4',1),(10658,'LECHUGA FONSECA BERTHA ITZEL','LEFB820912XXX',1),(10659,'LOCKTON MEXICO, AGENTE DE SEGUROS Y DE FIANZAS SA DE CV','LMA960930QT0',1),(10660,'LOPEZ JUAREZ JOSE MAURICIO','LOJM790805JP6',1),(10661,'MAPFRE TEPEYAC S.A.','MTE440316E54',1),(10662,'MICHAEL PAGE INTERNATIONAL MEXICO RECLUTAMIENTO ESPECIALIZAD','MPI060518NQ3',1),(10663,'MITZY SUSETTE RAMIREZ VENEGAS','RAVM900517LD9',1),(10664,'NELLY RIZO PADILLA','RIPN84114E27',1),(10665,'OPERADORA FGMX SA DE CV','OFG100329P40',1),(10666,'ORTIZ TOVAR IRVING','OITI820223HN6',1),(10667,'PELAEZ BAHENA ARMANDO CARLOS','PEBA7409021TA',1),(10668,'PEREZ FERNANDEZ VERONICA','PEFV791210S65',1),(10669,'PRESTACIONES UNIVERSALES S.A. DE C.V. (Vales despensa)','PUN9810229R0',1),(10670,'PROMOTORA INMOBILIARIA OBELISK SC','PIO070824TSA',1),(10671,'SILVIA GUADALUPE VELENZUELA CAMACHO','VASC770612MDF',1),(10672,'SISTEMAS INFORMATICOS APLICADOS, S.A. DE C.V.','SIA020402NMA',1),(10673,'TOVAR ORTIZ CARLOS ANDRES','TOOC840928S62',1),(10674,'VELASCO CAMPOS JOSE ALEJANDRO','VECA9201117P8A',1);
/*!40000 ALTER TABLE `proveedor` ENABLE KEYS */;
UNLOCK TABLES;

--
-- Table structure for table `proveedor_has_informacion_requerida`
--

DROP TABLE IF EXISTS `proveedor_has_informacion_requerida`;
/*!40101 SET @saved_cs_client     = @@character_set_client */;
/*!40101 SET character_set_client = utf8 */;
CREATE TABLE `proveedor_has_informacion_requerida` (
  `id_proveedor` int(10) unsigned NOT NULL,
  `id_informacion_requerida` varchar(100) NOT NULL,
  PRIMARY KEY (`id_proveedor`,`id_informacion_requerida`),
  KEY `fk_proveedor_has_informacion_requerida_informacion_requerid_idx` (`id_informacion_requerida`),
  KEY `fk_proveedor_has_informacion_requerida_proveedor1_idx` (`id_proveedor`),
  CONSTRAINT `fk_proveedor_has_informacion_requerida_informacion_requerida1` FOREIGN KEY (`id_informacion_requerida`) REFERENCES `informacion_requerida` (`id_informacion_requerida`) ON DELETE CASCADE ON UPDATE CASCADE,
  CONSTRAINT `fk_proveedor_has_informacion_requerida_proveedor1` FOREIGN KEY (`id_proveedor`) REFERENCES `proveedor` (`id_proveedor`) ON DELETE CASCADE ON UPDATE CASCADE
) ENGINE=InnoDB DEFAULT CHARSET=utf8;
/*!40101 SET character_set_client = @saved_cs_client */;

--
-- Dumping data for table `proveedor_has_informacion_requerida`
--

LOCK TABLES `proveedor_has_informacion_requerida` WRITE;
/*!40000 ALTER TABLE `proveedor_has_informacion_requerida` DISABLE KEYS */;
INSERT INTO `proveedor_has_informacion_requerida` VALUES (10001,'v_orden_compra'),(10001,'v_representacion_grafica'),(10001,'v_xml'),(10002,'v_orden_compra'),(10002,'v_representacion_grafica'),(10002,'v_xml'),(10003,'v_orden_compra'),(10003,'v_representacion_grafica'),(10003,'v_xml'),(10004,'v_orden_compra'),(10004,'v_representacion_grafica'),(10004,'v_xml'),(10005,'v_orden_compra'),(10005,'v_representacion_grafica'),(10005,'v_xml'),(10006,'v_orden_compra'),(10006,'v_representacion_grafica'),(10006,'v_xml'),(10007,'v_orden_compra'),(10007,'v_representacion_grafica'),(10007,'v_xml'),(10008,'v_orden_compra'),(10008,'v_representacion_grafica'),(10008,'v_xml'),(10009,'v_orden_compra'),(10009,'v_representacion_grafica'),(10009,'v_xml'),(10010,'v_orden_compra'),(10010,'v_representacion_grafica'),(10010,'v_xml'),(10011,'v_orden_compra'),(10011,'v_representacion_grafica'),(10011,'v_xml'),(10012,'v_orden_compra'),(10012,'v_representacion_grafica'),(10012,'v_xml'),(10013,'v_orden_compra'),(10013,'v_representacion_grafica'),(10013,'v_xml'),(10014,'v_orden_compra'),(10014,'v_representacion_grafica'),(10014,'v_xml'),(10015,'v_orden_compra'),(10015,'v_representacion_grafica'),(10015,'v_xml'),(10016,'v_orden_compra'),(10016,'v_representacion_grafica'),(10016,'v_xml'),(10017,'v_orden_compra'),(10017,'v_representacion_grafica'),(10017,'v_xml'),(10018,'v_orden_compra'),(10018,'v_representacion_grafica'),(10018,'v_xml'),(10019,'v_orden_compra'),(10019,'v_representacion_grafica'),(10019,'v_xml'),(10020,'v_orden_compra'),(10020,'v_representacion_grafica'),(10020,'v_xml'),(10021,'v_orden_compra'),(10021,'v_representacion_grafica'),(10021,'v_xml'),(10022,'v_orden_compra'),(10022,'v_representacion_grafica'),(10022,'v_xml'),(10023,'v_orden_compra'),(10023,'v_representacion_grafica'),(10023,'v_xml'),(10024,'v_orden_compra'),(10024,'v_representacion_grafica'),(10024,'v_xml'),(10025,'v_orden_compra'),(10025,'v_representacion_grafica'),(10025,'v_xml'),(10026,'v_orden_compra'),(10026,'v_representacion_grafica'),(10026,'v_xml'),(10027,'v_orden_compra'),(10027,'v_representacion_grafica'),(10027,'v_xml'),(10028,'v_orden_compra'),(10028,'v_representacion_grafica'),(10028,'v_xml'),(10029,'v_orden_compra'),(10029,'v_representacion_grafica'),(10029,'v_xml'),(10030,'v_orden_compra'),(10030,'v_representacion_grafica'),(10030,'v_xml'),(10031,'v_orden_compra'),(10031,'v_representacion_grafica'),(10031,'v_xml'),(10032,'v_orden_compra'),(10032,'v_representacion_grafica'),(10032,'v_xml'),(10033,'v_orden_compra'),(10033,'v_representacion_grafica'),(10033,'v_xml'),(10034,'v_orden_compra'),(10034,'v_representacion_grafica'),(10034,'v_xml'),(10035,'v_orden_compra'),(10035,'v_representacion_grafica'),(10035,'v_xml'),(10036,'v_orden_compra'),(10036,'v_representacion_grafica'),(10036,'v_xml'),(10037,'v_orden_compra'),(10037,'v_representacion_grafica'),(10037,'v_xml'),(10038,'v_orden_compra'),(10038,'v_representacion_grafica'),(10038,'v_xml'),(10039,'v_orden_compra'),(10039,'v_representacion_grafica'),(10039,'v_xml'),(10040,'v_orden_compra'),(10040,'v_representacion_grafica'),(10040,'v_xml'),(10041,'v_orden_compra'),(10041,'v_representacion_grafica'),(10041,'v_xml'),(10042,'v_orden_compra'),(10042,'v_representacion_grafica'),(10042,'v_xml'),(10043,'v_orden_compra'),(10043,'v_representacion_grafica'),(10043,'v_xml'),(10044,'v_orden_compra'),(10044,'v_representacion_grafica'),(10044,'v_xml'),(10045,'v_orden_compra'),(10045,'v_representacion_grafica'),(10045,'v_xml'),(10046,'v_orden_compra'),(10046,'v_representacion_grafica'),(10046,'v_xml'),(10047,'v_orden_compra'),(10047,'v_representacion_grafica'),(10047,'v_xml'),(10048,'v_orden_compra'),(10048,'v_representacion_grafica'),(10048,'v_xml'),(10049,'v_orden_compra'),(10049,'v_representacion_grafica'),(10049,'v_xml'),(10050,'v_orden_compra'),(10050,'v_representacion_grafica'),(10050,'v_xml'),(10051,'v_orden_compra'),(10051,'v_representacion_grafica'),(10051,'v_xml'),(10052,'v_orden_compra'),(10052,'v_representacion_grafica'),(10052,'v_xml'),(10053,'v_orden_compra'),(10053,'v_representacion_grafica'),(10053,'v_xml'),(10054,'v_orden_compra'),(10054,'v_representacion_grafica'),(10054,'v_xml'),(10055,'v_orden_compra'),(10055,'v_representacion_grafica'),(10055,'v_xml'),(10056,'v_orden_compra'),(10056,'v_representacion_grafica'),(10056,'v_xml'),(10057,'v_orden_compra'),(10057,'v_representacion_grafica'),(10057,'v_xml'),(10058,'v_orden_compra'),(10058,'v_representacion_grafica'),(10058,'v_xml'),(10059,'v_orden_compra'),(10059,'v_representacion_grafica'),(10059,'v_xml'),(10060,'v_orden_compra'),(10060,'v_representacion_grafica'),(10060,'v_xml'),(10061,'v_orden_compra'),(10061,'v_representacion_grafica'),(10061,'v_xml'),(10062,'v_orden_compra'),(10062,'v_representacion_grafica'),(10062,'v_xml'),(10063,'v_orden_compra'),(10063,'v_representacion_grafica'),(10063,'v_xml'),(10064,'v_orden_compra'),(10064,'v_representacion_grafica'),(10064,'v_xml'),(10065,'v_orden_compra'),(10065,'v_representacion_grafica'),(10065,'v_xml'),(10066,'v_orden_compra'),(10066,'v_representacion_grafica'),(10066,'v_xml'),(10067,'v_orden_compra'),(10067,'v_representacion_grafica'),(10067,'v_xml'),(10068,'v_orden_compra'),(10068,'v_representacion_grafica'),(10068,'v_xml'),(10069,'v_orden_compra'),(10069,'v_representacion_grafica'),(10069,'v_xml'),(10070,'v_orden_compra'),(10070,'v_representacion_grafica'),(10070,'v_xml'),(10071,'v_orden_compra'),(10071,'v_representacion_grafica'),(10071,'v_xml'),(10072,'v_orden_compra'),(10072,'v_representacion_grafica'),(10072,'v_xml'),(10073,'v_orden_compra'),(10073,'v_representacion_grafica'),(10073,'v_xml'),(10074,'v_orden_compra'),(10074,'v_representacion_grafica'),(10074,'v_xml'),(10075,'v_orden_compra'),(10075,'v_representacion_grafica'),(10075,'v_xml'),(10076,'v_orden_compra'),(10076,'v_representacion_grafica'),(10076,'v_xml'),(10077,'v_orden_compra'),(10077,'v_representacion_grafica'),(10077,'v_xml'),(10078,'v_orden_compra'),(10078,'v_representacion_grafica'),(10078,'v_xml'),(10079,'v_orden_compra'),(10079,'v_representacion_grafica'),(10079,'v_xml'),(10080,'v_orden_compra'),(10080,'v_representacion_grafica'),(10080,'v_xml'),(10081,'v_orden_compra'),(10081,'v_representacion_grafica'),(10081,'v_xml'),(10082,'v_orden_compra'),(10082,'v_representacion_grafica'),(10082,'v_xml'),(10083,'v_orden_compra'),(10083,'v_representacion_grafica'),(10083,'v_xml'),(10084,'v_orden_compra'),(10084,'v_representacion_grafica'),(10084,'v_xml'),(10085,'v_orden_compra'),(10085,'v_representacion_grafica'),(10085,'v_xml'),(10086,'v_orden_compra'),(10086,'v_representacion_grafica'),(10086,'v_xml'),(10087,'v_orden_compra'),(10087,'v_representacion_grafica'),(10087,'v_xml'),(10088,'v_orden_compra'),(10088,'v_representacion_grafica'),(10088,'v_xml'),(10089,'v_orden_compra'),(10089,'v_representacion_grafica'),(10089,'v_xml'),(10090,'v_orden_compra'),(10090,'v_representacion_grafica'),(10090,'v_xml'),(10091,'v_orden_compra'),(10091,'v_representacion_grafica'),(10091,'v_xml'),(10092,'v_orden_compra'),(10092,'v_representacion_grafica'),(10092,'v_xml'),(10093,'v_orden_compra'),(10093,'v_representacion_grafica'),(10093,'v_xml'),(10094,'v_orden_compra'),(10094,'v_representacion_grafica'),(10094,'v_xml'),(10095,'v_orden_compra'),(10095,'v_representacion_grafica'),(10095,'v_xml'),(10096,'v_orden_compra'),(10096,'v_representacion_grafica'),(10096,'v_xml'),(10097,'v_orden_compra'),(10097,'v_representacion_grafica'),(10097,'v_xml'),(10098,'v_orden_compra'),(10098,'v_representacion_grafica'),(10098,'v_xml'),(10099,'v_orden_compra'),(10099,'v_representacion_grafica'),(10099,'v_xml'),(10100,'v_orden_compra'),(10100,'v_representacion_grafica'),(10100,'v_xml'),(10101,'v_orden_compra'),(10101,'v_representacion_grafica'),(10101,'v_xml'),(10102,'v_orden_compra'),(10102,'v_representacion_grafica'),(10102,'v_xml'),(10103,'v_orden_compra'),(10103,'v_representacion_grafica'),(10103,'v_xml'),(10104,'v_orden_compra'),(10104,'v_representacion_grafica'),(10104,'v_xml'),(10105,'v_orden_compra'),(10105,'v_representacion_grafica'),(10105,'v_xml'),(10106,'v_orden_compra'),(10106,'v_representacion_grafica'),(10106,'v_xml'),(10107,'v_orden_compra'),(10107,'v_representacion_grafica'),(10107,'v_xml'),(10108,'v_orden_compra'),(10108,'v_representacion_grafica'),(10108,'v_xml'),(10109,'v_orden_compra'),(10109,'v_representacion_grafica'),(10109,'v_xml'),(10110,'v_orden_compra'),(10110,'v_representacion_grafica'),(10110,'v_xml'),(10111,'v_orden_compra'),(10111,'v_representacion_grafica'),(10111,'v_xml'),(10112,'v_orden_compra'),(10112,'v_representacion_grafica'),(10112,'v_xml'),(10113,'v_orden_compra'),(10113,'v_representacion_grafica'),(10113,'v_xml'),(10114,'v_orden_compra'),(10114,'v_representacion_grafica'),(10114,'v_xml'),(10115,'v_orden_compra'),(10115,'v_representacion_grafica'),(10115,'v_xml'),(10116,'v_orden_compra'),(10116,'v_representacion_grafica'),(10116,'v_xml'),(10117,'v_orden_compra'),(10117,'v_representacion_grafica'),(10117,'v_xml'),(10118,'v_orden_compra'),(10118,'v_representacion_grafica'),(10118,'v_xml'),(10119,'v_orden_compra'),(10119,'v_representacion_grafica'),(10119,'v_xml'),(10120,'v_orden_compra'),(10120,'v_representacion_grafica'),(10120,'v_xml'),(10121,'v_orden_compra'),(10121,'v_representacion_grafica'),(10121,'v_xml'),(10122,'v_orden_compra'),(10122,'v_representacion_grafica'),(10122,'v_xml'),(10123,'v_orden_compra'),(10123,'v_representacion_grafica'),(10123,'v_xml'),(10124,'v_orden_compra'),(10124,'v_representacion_grafica'),(10124,'v_xml'),(10125,'v_orden_compra'),(10125,'v_representacion_grafica'),(10125,'v_xml'),(10126,'v_orden_compra'),(10126,'v_representacion_grafica'),(10126,'v_xml'),(10127,'v_orden_compra'),(10127,'v_representacion_grafica'),(10127,'v_xml'),(10128,'v_orden_compra'),(10128,'v_representacion_grafica'),(10128,'v_xml'),(10129,'v_orden_compra'),(10129,'v_representacion_grafica'),(10129,'v_xml'),(10130,'v_orden_compra'),(10130,'v_representacion_grafica'),(10130,'v_xml'),(10131,'v_orden_compra'),(10131,'v_representacion_grafica'),(10131,'v_xml'),(10132,'v_orden_compra'),(10132,'v_representacion_grafica'),(10132,'v_xml'),(10133,'v_orden_compra'),(10133,'v_representacion_grafica'),(10133,'v_xml'),(10134,'v_orden_compra'),(10134,'v_representacion_grafica'),(10134,'v_xml'),(10135,'v_orden_compra'),(10135,'v_representacion_grafica'),(10135,'v_xml'),(10136,'v_orden_compra'),(10136,'v_representacion_grafica'),(10136,'v_xml'),(10137,'v_orden_compra'),(10137,'v_representacion_grafica'),(10137,'v_xml'),(10138,'v_orden_compra'),(10138,'v_representacion_grafica'),(10138,'v_xml'),(10139,'v_orden_compra'),(10139,'v_representacion_grafica'),(10139,'v_xml'),(10140,'v_orden_compra'),(10140,'v_representacion_grafica'),(10140,'v_xml'),(10141,'v_orden_compra'),(10141,'v_representacion_grafica'),(10141,'v_xml'),(10142,'v_orden_compra'),(10142,'v_representacion_grafica'),(10142,'v_xml'),(10143,'v_orden_compra'),(10143,'v_representacion_grafica'),(10143,'v_xml'),(10144,'v_orden_compra'),(10144,'v_representacion_grafica'),(10144,'v_xml'),(10145,'v_orden_compra'),(10145,'v_representacion_grafica'),(10145,'v_xml'),(10146,'v_orden_compra'),(10146,'v_representacion_grafica'),(10146,'v_xml'),(10147,'v_orden_compra'),(10147,'v_representacion_grafica'),(10147,'v_xml'),(10148,'v_orden_compra'),(10148,'v_representacion_grafica'),(10148,'v_xml'),(10149,'v_orden_compra'),(10149,'v_representacion_grafica'),(10149,'v_xml'),(10150,'v_orden_compra'),(10150,'v_representacion_grafica'),(10150,'v_xml'),(10151,'v_orden_compra'),(10151,'v_representacion_grafica'),(10151,'v_xml'),(10152,'v_orden_compra'),(10152,'v_representacion_grafica'),(10152,'v_xml'),(10153,'v_orden_compra'),(10153,'v_representacion_grafica'),(10153,'v_xml'),(10154,'v_orden_compra'),(10154,'v_representacion_grafica'),(10154,'v_xml'),(10155,'v_orden_compra'),(10155,'v_representacion_grafica'),(10155,'v_xml'),(10156,'v_orden_compra'),(10156,'v_representacion_grafica'),(10156,'v_xml'),(10157,'v_orden_compra'),(10157,'v_representacion_grafica'),(10157,'v_xml'),(10158,'v_orden_compra'),(10158,'v_representacion_grafica'),(10158,'v_xml'),(10159,'v_orden_compra'),(10159,'v_representacion_grafica'),(10159,'v_xml'),(10160,'v_orden_compra'),(10160,'v_representacion_grafica'),(10160,'v_xml'),(10161,'v_orden_compra'),(10161,'v_representacion_grafica'),(10161,'v_xml'),(10162,'v_orden_compra'),(10162,'v_representacion_grafica'),(10162,'v_xml'),(10163,'v_orden_compra'),(10163,'v_representacion_grafica'),(10163,'v_xml'),(10164,'v_orden_compra'),(10164,'v_representacion_grafica'),(10164,'v_xml'),(10165,'v_orden_compra'),(10165,'v_representacion_grafica'),(10165,'v_xml'),(10166,'v_orden_compra'),(10166,'v_representacion_grafica'),(10166,'v_xml'),(10167,'v_orden_compra'),(10167,'v_representacion_grafica'),(10167,'v_xml'),(10168,'v_orden_compra'),(10168,'v_representacion_grafica'),(10168,'v_xml'),(10169,'v_orden_compra'),(10169,'v_representacion_grafica'),(10169,'v_xml'),(10170,'v_orden_compra'),(10170,'v_representacion_grafica'),(10170,'v_xml'),(10171,'v_orden_compra'),(10171,'v_representacion_grafica'),(10171,'v_xml'),(10172,'v_orden_compra'),(10172,'v_representacion_grafica'),(10172,'v_xml'),(10173,'v_orden_compra'),(10173,'v_representacion_grafica'),(10173,'v_xml'),(10174,'v_orden_compra'),(10174,'v_representacion_grafica'),(10174,'v_xml'),(10175,'v_orden_compra'),(10175,'v_representacion_grafica'),(10175,'v_xml'),(10176,'v_orden_compra'),(10176,'v_representacion_grafica'),(10176,'v_xml'),(10177,'v_orden_compra'),(10177,'v_representacion_grafica'),(10177,'v_xml'),(10178,'v_orden_compra'),(10178,'v_representacion_grafica'),(10178,'v_xml'),(10179,'v_orden_compra'),(10179,'v_representacion_grafica'),(10179,'v_xml'),(10180,'v_orden_compra'),(10180,'v_representacion_grafica'),(10180,'v_xml'),(10181,'v_orden_compra'),(10181,'v_representacion_grafica'),(10181,'v_xml'),(10182,'v_orden_compra'),(10182,'v_representacion_grafica'),(10182,'v_xml'),(10183,'v_orden_compra'),(10183,'v_representacion_grafica'),(10183,'v_xml'),(10184,'v_orden_compra'),(10184,'v_representacion_grafica'),(10184,'v_xml'),(10185,'v_orden_compra'),(10185,'v_representacion_grafica'),(10185,'v_xml'),(10186,'v_orden_compra'),(10186,'v_representacion_grafica'),(10186,'v_xml'),(10187,'v_orden_compra'),(10187,'v_representacion_grafica'),(10187,'v_xml'),(10188,'v_orden_compra'),(10188,'v_representacion_grafica'),(10188,'v_xml'),(10189,'v_orden_compra'),(10189,'v_representacion_grafica'),(10189,'v_xml'),(10190,'v_orden_compra'),(10190,'v_representacion_grafica'),(10190,'v_xml'),(10191,'v_orden_compra'),(10191,'v_representacion_grafica'),(10191,'v_xml'),(10192,'v_orden_compra'),(10192,'v_representacion_grafica'),(10192,'v_xml'),(10193,'v_orden_compra'),(10193,'v_representacion_grafica'),(10193,'v_xml'),(10194,'v_orden_compra'),(10194,'v_representacion_grafica'),(10194,'v_xml'),(10195,'v_orden_compra'),(10195,'v_representacion_grafica'),(10195,'v_xml'),(10196,'v_orden_compra'),(10196,'v_representacion_grafica'),(10196,'v_xml'),(10197,'v_orden_compra'),(10197,'v_representacion_grafica'),(10197,'v_xml'),(10198,'v_orden_compra'),(10198,'v_representacion_grafica'),(10198,'v_xml'),(10199,'v_orden_compra'),(10199,'v_representacion_grafica'),(10199,'v_xml'),(10200,'v_orden_compra'),(10200,'v_representacion_grafica'),(10200,'v_xml'),(10201,'v_orden_compra'),(10201,'v_representacion_grafica'),(10201,'v_xml'),(10202,'v_orden_compra'),(10202,'v_representacion_grafica'),(10202,'v_xml'),(10203,'v_orden_compra'),(10203,'v_representacion_grafica'),(10203,'v_xml'),(10204,'v_orden_compra'),(10204,'v_representacion_grafica'),(10204,'v_xml'),(10205,'v_orden_compra'),(10205,'v_representacion_grafica'),(10205,'v_xml'),(10206,'v_orden_compra'),(10206,'v_representacion_grafica'),(10206,'v_xml'),(10207,'v_orden_compra'),(10207,'v_representacion_grafica'),(10207,'v_xml'),(10208,'v_orden_compra'),(10208,'v_representacion_grafica'),(10208,'v_xml'),(10209,'v_orden_compra'),(10209,'v_representacion_grafica'),(10209,'v_xml'),(10210,'v_orden_compra'),(10210,'v_representacion_grafica'),(10210,'v_xml'),(10211,'v_orden_compra'),(10211,'v_representacion_grafica'),(10211,'v_xml'),(10212,'v_orden_compra'),(10212,'v_representacion_grafica'),(10212,'v_xml'),(10213,'v_orden_compra'),(10213,'v_representacion_grafica'),(10213,'v_xml'),(10214,'v_orden_compra'),(10214,'v_representacion_grafica'),(10214,'v_xml'),(10215,'v_orden_compra'),(10215,'v_representacion_grafica'),(10215,'v_xml'),(10216,'v_orden_compra'),(10216,'v_representacion_grafica'),(10216,'v_xml'),(10217,'v_orden_compra'),(10217,'v_representacion_grafica'),(10217,'v_xml'),(10218,'v_orden_compra'),(10218,'v_representacion_grafica'),(10218,'v_xml'),(10219,'v_orden_compra'),(10219,'v_representacion_grafica'),(10219,'v_xml'),(10220,'v_orden_compra'),(10220,'v_representacion_grafica'),(10220,'v_xml'),(10221,'v_orden_compra'),(10221,'v_representacion_grafica'),(10221,'v_xml'),(10222,'v_orden_compra'),(10222,'v_representacion_grafica'),(10222,'v_xml'),(10223,'v_orden_compra'),(10223,'v_representacion_grafica'),(10223,'v_xml'),(10224,'v_orden_compra'),(10224,'v_representacion_grafica'),(10224,'v_xml'),(10225,'v_orden_compra'),(10225,'v_representacion_grafica'),(10225,'v_xml'),(10226,'v_orden_compra'),(10226,'v_representacion_grafica'),(10226,'v_xml'),(10227,'v_orden_compra'),(10227,'v_representacion_grafica'),(10227,'v_xml'),(10228,'v_orden_compra'),(10228,'v_representacion_grafica'),(10228,'v_xml'),(10229,'v_orden_compra'),(10229,'v_representacion_grafica'),(10229,'v_xml'),(10230,'v_orden_compra'),(10230,'v_representacion_grafica'),(10230,'v_xml'),(10231,'v_orden_compra'),(10231,'v_representacion_grafica'),(10231,'v_xml'),(10232,'v_orden_compra'),(10232,'v_representacion_grafica'),(10232,'v_xml'),(10233,'v_orden_compra'),(10233,'v_representacion_grafica'),(10233,'v_xml'),(10234,'v_orden_compra'),(10234,'v_representacion_grafica'),(10234,'v_xml'),(10235,'v_orden_compra'),(10235,'v_representacion_grafica'),(10235,'v_xml'),(10236,'v_orden_compra'),(10236,'v_representacion_grafica'),(10236,'v_xml'),(10237,'v_orden_compra'),(10237,'v_representacion_grafica'),(10237,'v_xml'),(10238,'v_orden_compra'),(10238,'v_representacion_grafica'),(10238,'v_xml'),(10239,'v_orden_compra'),(10239,'v_representacion_grafica'),(10239,'v_xml'),(10240,'v_orden_compra'),(10240,'v_representacion_grafica'),(10240,'v_xml'),(10241,'v_orden_compra'),(10241,'v_representacion_grafica'),(10241,'v_xml'),(10242,'v_orden_compra'),(10242,'v_representacion_grafica'),(10242,'v_xml'),(10243,'v_orden_compra'),(10243,'v_representacion_grafica'),(10243,'v_xml'),(10244,'v_orden_compra'),(10244,'v_representacion_grafica'),(10244,'v_xml'),(10245,'v_orden_compra'),(10245,'v_representacion_grafica'),(10245,'v_xml'),(10246,'v_orden_compra'),(10246,'v_representacion_grafica'),(10246,'v_xml'),(10247,'v_orden_compra'),(10247,'v_representacion_grafica'),(10247,'v_xml'),(10248,'v_orden_compra'),(10248,'v_representacion_grafica'),(10248,'v_xml'),(10249,'v_orden_compra'),(10249,'v_representacion_grafica'),(10249,'v_xml'),(10250,'v_orden_compra'),(10250,'v_representacion_grafica'),(10250,'v_xml'),(10251,'v_orden_compra'),(10251,'v_representacion_grafica'),(10251,'v_xml'),(10252,'v_orden_compra'),(10252,'v_representacion_grafica'),(10252,'v_xml'),(10253,'v_orden_compra'),(10253,'v_representacion_grafica'),(10253,'v_xml'),(10254,'v_orden_compra'),(10254,'v_representacion_grafica'),(10254,'v_xml'),(10255,'v_orden_compra'),(10255,'v_representacion_grafica'),(10255,'v_xml'),(10256,'v_orden_compra'),(10256,'v_representacion_grafica'),(10256,'v_xml'),(10257,'v_orden_compra'),(10257,'v_representacion_grafica'),(10257,'v_xml'),(10258,'v_orden_compra'),(10258,'v_representacion_grafica'),(10258,'v_xml'),(10259,'v_orden_compra'),(10259,'v_representacion_grafica'),(10259,'v_xml'),(10260,'v_orden_compra'),(10260,'v_representacion_grafica'),(10260,'v_xml'),(10261,'v_orden_compra'),(10261,'v_representacion_grafica'),(10261,'v_xml'),(10262,'v_orden_compra'),(10262,'v_representacion_grafica'),(10262,'v_xml'),(10263,'v_orden_compra'),(10263,'v_representacion_grafica'),(10263,'v_xml'),(10264,'v_orden_compra'),(10264,'v_representacion_grafica'),(10264,'v_xml'),(10265,'v_orden_compra'),(10265,'v_representacion_grafica'),(10265,'v_xml'),(10266,'v_orden_compra'),(10266,'v_representacion_grafica'),(10266,'v_xml'),(10267,'v_orden_compra'),(10267,'v_representacion_grafica'),(10267,'v_xml'),(10268,'v_orden_compra'),(10268,'v_representacion_grafica'),(10268,'v_xml'),(10269,'v_orden_compra'),(10269,'v_representacion_grafica'),(10269,'v_xml'),(10270,'v_orden_compra'),(10270,'v_representacion_grafica'),(10270,'v_xml'),(10271,'v_orden_compra'),(10271,'v_representacion_grafica'),(10271,'v_xml'),(10272,'v_orden_compra'),(10272,'v_representacion_grafica'),(10272,'v_xml'),(10273,'v_orden_compra'),(10273,'v_representacion_grafica'),(10273,'v_xml'),(10274,'v_orden_compra'),(10274,'v_representacion_grafica'),(10274,'v_xml'),(10275,'v_orden_compra'),(10275,'v_representacion_grafica'),(10275,'v_xml'),(10276,'v_orden_compra'),(10276,'v_representacion_grafica'),(10276,'v_xml'),(10277,'v_orden_compra'),(10277,'v_representacion_grafica'),(10277,'v_xml'),(10278,'v_orden_compra'),(10278,'v_representacion_grafica'),(10278,'v_xml'),(10279,'v_orden_compra'),(10279,'v_representacion_grafica'),(10279,'v_xml'),(10280,'v_orden_compra'),(10280,'v_representacion_grafica'),(10280,'v_xml'),(10281,'v_orden_compra'),(10281,'v_representacion_grafica'),(10281,'v_xml'),(10282,'v_orden_compra'),(10282,'v_representacion_grafica'),(10282,'v_xml'),(10283,'v_orden_compra'),(10283,'v_representacion_grafica'),(10283,'v_xml'),(10284,'v_orden_compra'),(10284,'v_representacion_grafica'),(10284,'v_xml'),(10285,'v_orden_compra'),(10285,'v_representacion_grafica'),(10285,'v_xml'),(10286,'v_orden_compra'),(10286,'v_representacion_grafica'),(10286,'v_xml'),(10287,'v_orden_compra'),(10287,'v_representacion_grafica'),(10287,'v_xml'),(10288,'v_orden_compra'),(10288,'v_representacion_grafica'),(10288,'v_xml'),(10289,'v_orden_compra'),(10289,'v_representacion_grafica'),(10289,'v_xml'),(10290,'v_orden_compra'),(10290,'v_representacion_grafica'),(10290,'v_xml'),(10291,'v_orden_compra'),(10291,'v_representacion_grafica'),(10291,'v_xml'),(10292,'v_orden_compra'),(10292,'v_representacion_grafica'),(10292,'v_xml'),(10293,'v_orden_compra'),(10293,'v_representacion_grafica'),(10293,'v_xml'),(10294,'v_orden_compra'),(10294,'v_representacion_grafica'),(10294,'v_xml'),(10295,'v_orden_compra'),(10295,'v_representacion_grafica'),(10295,'v_xml'),(10296,'v_orden_compra'),(10296,'v_representacion_grafica'),(10296,'v_xml'),(10297,'v_orden_compra'),(10297,'v_representacion_grafica'),(10297,'v_xml'),(10298,'v_orden_compra'),(10298,'v_representacion_grafica'),(10298,'v_xml'),(10299,'v_orden_compra'),(10299,'v_representacion_grafica'),(10299,'v_xml'),(10300,'v_orden_compra'),(10300,'v_representacion_grafica'),(10300,'v_xml'),(10301,'v_orden_compra'),(10301,'v_representacion_grafica'),(10301,'v_xml'),(10302,'v_orden_compra'),(10302,'v_representacion_grafica'),(10302,'v_xml'),(10303,'v_orden_compra'),(10303,'v_representacion_grafica'),(10303,'v_xml'),(10304,'v_orden_compra'),(10304,'v_representacion_grafica'),(10304,'v_xml'),(10305,'v_orden_compra'),(10305,'v_representacion_grafica'),(10305,'v_xml'),(10306,'v_orden_compra'),(10306,'v_representacion_grafica'),(10306,'v_xml'),(10307,'v_orden_compra'),(10307,'v_representacion_grafica'),(10307,'v_xml'),(10308,'v_orden_compra'),(10308,'v_representacion_grafica'),(10308,'v_xml'),(10309,'v_orden_compra'),(10309,'v_representacion_grafica'),(10309,'v_xml'),(10310,'v_orden_compra'),(10310,'v_representacion_grafica'),(10310,'v_xml'),(10311,'v_orden_compra'),(10311,'v_representacion_grafica'),(10311,'v_xml'),(10312,'v_orden_compra'),(10312,'v_representacion_grafica'),(10312,'v_xml'),(10313,'v_orden_compra'),(10313,'v_representacion_grafica'),(10313,'v_xml'),(10314,'v_orden_compra'),(10314,'v_representacion_grafica'),(10314,'v_xml'),(10315,'v_orden_compra'),(10315,'v_representacion_grafica'),(10315,'v_xml'),(10316,'v_orden_compra'),(10316,'v_representacion_grafica'),(10316,'v_xml'),(10317,'v_orden_compra'),(10317,'v_representacion_grafica'),(10317,'v_xml'),(10318,'v_orden_compra'),(10318,'v_representacion_grafica'),(10318,'v_xml'),(10319,'v_orden_compra'),(10319,'v_representacion_grafica'),(10319,'v_xml'),(10320,'v_orden_compra'),(10320,'v_representacion_grafica'),(10320,'v_xml'),(10321,'v_orden_compra'),(10321,'v_representacion_grafica'),(10321,'v_xml'),(10322,'v_orden_compra'),(10322,'v_representacion_grafica'),(10322,'v_xml'),(10323,'v_orden_compra'),(10323,'v_representacion_grafica'),(10323,'v_xml'),(10324,'v_orden_compra'),(10324,'v_representacion_grafica'),(10324,'v_xml'),(10325,'v_orden_compra'),(10325,'v_representacion_grafica'),(10325,'v_xml'),(10326,'v_orden_compra'),(10326,'v_representacion_grafica'),(10326,'v_xml'),(10327,'v_orden_compra'),(10327,'v_representacion_grafica'),(10327,'v_xml'),(10328,'v_orden_compra'),(10328,'v_representacion_grafica'),(10328,'v_xml'),(10329,'v_orden_compra'),(10329,'v_representacion_grafica'),(10329,'v_xml'),(10330,'v_orden_compra'),(10330,'v_representacion_grafica'),(10330,'v_xml'),(10331,'v_orden_compra'),(10331,'v_representacion_grafica'),(10331,'v_xml'),(10332,'v_orden_compra'),(10332,'v_representacion_grafica'),(10332,'v_xml'),(10333,'v_orden_compra'),(10333,'v_representacion_grafica'),(10333,'v_xml'),(10334,'v_orden_compra'),(10334,'v_representacion_grafica'),(10334,'v_xml'),(10335,'v_orden_compra'),(10335,'v_representacion_grafica'),(10335,'v_xml'),(10336,'v_orden_compra'),(10336,'v_representacion_grafica'),(10336,'v_xml'),(10337,'v_orden_compra'),(10337,'v_representacion_grafica'),(10337,'v_xml'),(10338,'v_orden_compra'),(10338,'v_representacion_grafica'),(10338,'v_xml'),(10339,'v_orden_compra'),(10339,'v_representacion_grafica'),(10339,'v_xml'),(10340,'v_orden_compra'),(10340,'v_representacion_grafica'),(10340,'v_xml'),(10341,'v_orden_compra'),(10341,'v_representacion_grafica'),(10341,'v_xml'),(10342,'v_orden_compra'),(10342,'v_representacion_grafica'),(10342,'v_xml'),(10343,'v_orden_compra'),(10343,'v_representacion_grafica'),(10343,'v_xml'),(10344,'v_orden_compra'),(10344,'v_representacion_grafica'),(10344,'v_xml'),(10345,'v_orden_compra'),(10345,'v_representacion_grafica'),(10345,'v_xml'),(10346,'v_orden_compra'),(10346,'v_representacion_grafica'),(10346,'v_xml'),(10347,'v_orden_compra'),(10347,'v_representacion_grafica'),(10347,'v_xml'),(10348,'v_orden_compra'),(10348,'v_representacion_grafica'),(10348,'v_xml'),(10349,'v_orden_compra'),(10349,'v_representacion_grafica'),(10349,'v_xml'),(10350,'v_orden_compra'),(10350,'v_representacion_grafica'),(10350,'v_xml'),(10351,'v_orden_compra'),(10351,'v_representacion_grafica'),(10351,'v_xml'),(10352,'v_orden_compra'),(10352,'v_representacion_grafica'),(10352,'v_xml'),(10353,'v_orden_compra'),(10353,'v_representacion_grafica'),(10353,'v_xml'),(10354,'v_orden_compra'),(10354,'v_representacion_grafica'),(10354,'v_xml'),(10355,'v_orden_compra'),(10355,'v_representacion_grafica'),(10355,'v_xml'),(10356,'v_orden_compra'),(10356,'v_representacion_grafica'),(10356,'v_xml'),(10357,'v_orden_compra'),(10357,'v_representacion_grafica'),(10357,'v_xml'),(10358,'v_orden_compra'),(10358,'v_representacion_grafica'),(10358,'v_xml'),(10359,'v_orden_compra'),(10359,'v_representacion_grafica'),(10359,'v_xml'),(10360,'v_orden_compra'),(10360,'v_representacion_grafica'),(10360,'v_xml'),(10361,'v_orden_compra'),(10361,'v_representacion_grafica'),(10361,'v_xml'),(10362,'v_orden_compra'),(10362,'v_representacion_grafica'),(10362,'v_xml'),(10363,'v_orden_compra'),(10363,'v_representacion_grafica'),(10363,'v_xml'),(10364,'v_orden_compra'),(10364,'v_representacion_grafica'),(10364,'v_xml'),(10365,'v_orden_compra'),(10365,'v_representacion_grafica'),(10365,'v_xml'),(10366,'v_orden_compra'),(10366,'v_representacion_grafica'),(10366,'v_xml'),(10367,'v_orden_compra'),(10367,'v_representacion_grafica'),(10367,'v_xml'),(10368,'v_orden_compra'),(10368,'v_representacion_grafica'),(10368,'v_xml'),(10369,'v_orden_compra'),(10369,'v_representacion_grafica'),(10369,'v_xml'),(10370,'v_orden_compra'),(10370,'v_representacion_grafica'),(10370,'v_xml'),(10371,'v_orden_compra'),(10371,'v_representacion_grafica'),(10371,'v_xml'),(10372,'v_orden_compra'),(10372,'v_representacion_grafica'),(10372,'v_xml'),(10373,'v_orden_compra'),(10373,'v_representacion_grafica'),(10373,'v_xml'),(10374,'v_orden_compra'),(10374,'v_representacion_grafica'),(10374,'v_xml'),(10375,'v_orden_compra'),(10375,'v_representacion_grafica'),(10375,'v_xml'),(10376,'v_orden_compra'),(10376,'v_representacion_grafica'),(10376,'v_xml'),(10377,'v_orden_compra'),(10377,'v_representacion_grafica'),(10377,'v_xml'),(10378,'v_orden_compra'),(10378,'v_representacion_grafica'),(10378,'v_xml'),(10379,'v_orden_compra'),(10379,'v_representacion_grafica'),(10379,'v_xml'),(10380,'v_orden_compra'),(10380,'v_representacion_grafica'),(10380,'v_xml'),(10381,'v_orden_compra'),(10381,'v_representacion_grafica'),(10381,'v_xml'),(10382,'v_orden_compra'),(10382,'v_representacion_grafica'),(10382,'v_xml'),(10383,'v_orden_compra'),(10383,'v_representacion_grafica'),(10383,'v_xml'),(10384,'v_orden_compra'),(10384,'v_representacion_grafica'),(10384,'v_xml'),(10385,'v_orden_compra'),(10385,'v_representacion_grafica'),(10385,'v_xml'),(10386,'v_orden_compra'),(10386,'v_representacion_grafica'),(10386,'v_xml'),(10387,'v_orden_compra'),(10387,'v_representacion_grafica'),(10387,'v_xml'),(10388,'v_orden_compra'),(10388,'v_representacion_grafica'),(10388,'v_xml'),(10389,'v_orden_compra'),(10389,'v_representacion_grafica'),(10389,'v_xml'),(10390,'v_orden_compra'),(10390,'v_representacion_grafica'),(10390,'v_xml'),(10391,'v_orden_compra'),(10391,'v_representacion_grafica'),(10391,'v_xml'),(10392,'v_orden_compra'),(10392,'v_representacion_grafica'),(10392,'v_xml'),(10393,'v_orden_compra'),(10393,'v_representacion_grafica'),(10393,'v_xml'),(10394,'v_orden_compra'),(10394,'v_representacion_grafica'),(10394,'v_xml'),(10395,'v_orden_compra'),(10395,'v_representacion_grafica'),(10395,'v_xml'),(10396,'v_orden_compra'),(10396,'v_representacion_grafica'),(10396,'v_xml'),(10397,'v_orden_compra'),(10397,'v_representacion_grafica'),(10397,'v_xml'),(10398,'v_orden_compra'),(10398,'v_representacion_grafica'),(10398,'v_xml'),(10399,'v_orden_compra'),(10399,'v_representacion_grafica'),(10399,'v_xml'),(10400,'v_orden_compra'),(10400,'v_representacion_grafica'),(10400,'v_xml'),(10401,'v_orden_compra'),(10401,'v_representacion_grafica'),(10401,'v_xml'),(10402,'v_orden_compra'),(10402,'v_representacion_grafica'),(10402,'v_xml'),(10403,'v_orden_compra'),(10403,'v_representacion_grafica'),(10403,'v_xml'),(10404,'v_orden_compra'),(10404,'v_representacion_grafica'),(10404,'v_xml'),(10405,'v_orden_compra'),(10405,'v_representacion_grafica'),(10405,'v_xml'),(10406,'v_orden_compra'),(10406,'v_representacion_grafica'),(10406,'v_xml'),(10407,'v_orden_compra'),(10407,'v_representacion_grafica'),(10407,'v_xml'),(10408,'v_orden_compra'),(10408,'v_representacion_grafica'),(10408,'v_xml'),(10409,'v_orden_compra'),(10409,'v_representacion_grafica'),(10409,'v_xml'),(10410,'v_orden_compra'),(10410,'v_representacion_grafica'),(10410,'v_xml'),(10411,'v_orden_compra'),(10411,'v_representacion_grafica'),(10411,'v_xml'),(10412,'v_orden_compra'),(10412,'v_representacion_grafica'),(10412,'v_xml'),(10413,'v_orden_compra'),(10413,'v_representacion_grafica'),(10413,'v_xml'),(10414,'v_orden_compra'),(10414,'v_representacion_grafica'),(10414,'v_xml'),(10415,'v_orden_compra'),(10415,'v_representacion_grafica'),(10415,'v_xml'),(10416,'v_orden_compra'),(10416,'v_representacion_grafica'),(10416,'v_xml'),(10417,'v_orden_compra'),(10417,'v_representacion_grafica'),(10417,'v_xml'),(10418,'v_orden_compra'),(10418,'v_representacion_grafica'),(10418,'v_xml'),(10419,'v_orden_compra'),(10419,'v_representacion_grafica'),(10419,'v_xml'),(10420,'v_orden_compra'),(10420,'v_representacion_grafica'),(10420,'v_xml'),(10421,'v_orden_compra'),(10421,'v_representacion_grafica'),(10421,'v_xml'),(10422,'v_orden_compra'),(10422,'v_representacion_grafica'),(10422,'v_xml'),(10423,'v_orden_compra'),(10423,'v_representacion_grafica'),(10423,'v_xml'),(10424,'v_orden_compra'),(10424,'v_representacion_grafica'),(10424,'v_xml'),(10425,'v_orden_compra'),(10425,'v_representacion_grafica'),(10425,'v_xml'),(10426,'v_orden_compra'),(10426,'v_representacion_grafica'),(10426,'v_xml'),(10427,'v_orden_compra'),(10427,'v_representacion_grafica'),(10427,'v_xml'),(10428,'v_orden_compra'),(10428,'v_representacion_grafica'),(10428,'v_xml'),(10429,'v_orden_compra'),(10429,'v_representacion_grafica'),(10429,'v_xml'),(10430,'v_orden_compra'),(10430,'v_representacion_grafica'),(10430,'v_xml'),(10431,'v_orden_compra'),(10431,'v_representacion_grafica'),(10431,'v_xml'),(10432,'v_orden_compra'),(10432,'v_representacion_grafica'),(10432,'v_xml'),(10433,'v_orden_compra'),(10433,'v_representacion_grafica'),(10433,'v_xml'),(10434,'v_orden_compra'),(10434,'v_representacion_grafica'),(10434,'v_xml'),(10435,'v_orden_compra'),(10435,'v_representacion_grafica'),(10435,'v_xml'),(10436,'v_orden_compra'),(10436,'v_representacion_grafica'),(10436,'v_xml'),(10437,'v_orden_compra'),(10437,'v_representacion_grafica'),(10437,'v_xml'),(10438,'v_orden_compra'),(10438,'v_representacion_grafica'),(10438,'v_xml'),(10439,'v_orden_compra'),(10439,'v_representacion_grafica'),(10439,'v_xml'),(10440,'v_orden_compra'),(10440,'v_representacion_grafica'),(10440,'v_xml'),(10441,'v_orden_compra'),(10441,'v_representacion_grafica'),(10441,'v_xml'),(10442,'v_orden_compra'),(10442,'v_representacion_grafica'),(10442,'v_xml'),(10443,'v_orden_compra'),(10443,'v_representacion_grafica'),(10443,'v_xml'),(10444,'v_orden_compra'),(10444,'v_representacion_grafica'),(10444,'v_xml'),(10445,'v_orden_compra'),(10445,'v_representacion_grafica'),(10445,'v_xml'),(10446,'v_orden_compra'),(10446,'v_representacion_grafica'),(10446,'v_xml'),(10447,'v_orden_compra'),(10447,'v_representacion_grafica'),(10447,'v_xml'),(10448,'v_orden_compra'),(10448,'v_representacion_grafica'),(10448,'v_xml'),(10449,'v_orden_compra'),(10449,'v_representacion_grafica'),(10449,'v_xml'),(10450,'v_orden_compra'),(10450,'v_representacion_grafica'),(10450,'v_xml'),(10451,'v_orden_compra'),(10451,'v_representacion_grafica'),(10451,'v_xml'),(10452,'v_orden_compra'),(10452,'v_representacion_grafica'),(10452,'v_xml'),(10453,'v_orden_compra'),(10453,'v_representacion_grafica'),(10453,'v_xml'),(10454,'v_orden_compra'),(10454,'v_representacion_grafica'),(10454,'v_xml'),(10455,'v_orden_compra'),(10455,'v_representacion_grafica'),(10455,'v_xml'),(10456,'v_orden_compra'),(10456,'v_representacion_grafica'),(10456,'v_xml'),(10457,'v_orden_compra'),(10457,'v_representacion_grafica'),(10457,'v_xml'),(10458,'v_orden_compra'),(10458,'v_representacion_grafica'),(10458,'v_xml'),(10459,'v_orden_compra'),(10459,'v_representacion_grafica'),(10459,'v_xml'),(10460,'v_orden_compra'),(10460,'v_representacion_grafica'),(10460,'v_xml'),(10461,'v_orden_compra'),(10461,'v_representacion_grafica'),(10461,'v_xml'),(10462,'v_orden_compra'),(10462,'v_representacion_grafica'),(10462,'v_xml'),(10463,'v_orden_compra'),(10463,'v_representacion_grafica'),(10463,'v_xml'),(10464,'v_orden_compra'),(10464,'v_representacion_grafica'),(10464,'v_xml'),(10465,'v_orden_compra'),(10465,'v_representacion_grafica'),(10465,'v_xml'),(10466,'v_orden_compra'),(10466,'v_representacion_grafica'),(10466,'v_xml'),(10467,'v_orden_compra'),(10467,'v_representacion_grafica'),(10467,'v_xml'),(10468,'v_orden_compra'),(10468,'v_representacion_grafica'),(10468,'v_xml'),(10469,'v_orden_compra'),(10469,'v_representacion_grafica'),(10469,'v_xml'),(10470,'v_orden_compra'),(10470,'v_representacion_grafica'),(10470,'v_xml'),(10471,'v_orden_compra'),(10471,'v_representacion_grafica'),(10471,'v_xml'),(10472,'v_orden_compra'),(10472,'v_representacion_grafica'),(10472,'v_xml'),(10473,'v_orden_compra'),(10473,'v_representacion_grafica'),(10473,'v_xml'),(10474,'v_orden_compra'),(10474,'v_representacion_grafica'),(10474,'v_xml'),(10475,'v_orden_compra'),(10475,'v_representacion_grafica'),(10475,'v_xml'),(10476,'v_orden_compra'),(10476,'v_representacion_grafica'),(10476,'v_xml'),(10477,'v_orden_compra'),(10477,'v_representacion_grafica'),(10477,'v_xml'),(10478,'v_orden_compra'),(10478,'v_representacion_grafica'),(10478,'v_xml'),(10479,'v_orden_compra'),(10479,'v_representacion_grafica'),(10479,'v_xml'),(10480,'v_orden_compra'),(10480,'v_representacion_grafica'),(10480,'v_xml'),(10481,'v_orden_compra'),(10481,'v_representacion_grafica'),(10481,'v_xml'),(10482,'v_orden_compra'),(10482,'v_representacion_grafica'),(10482,'v_xml'),(10483,'v_orden_compra'),(10483,'v_representacion_grafica'),(10483,'v_xml'),(10484,'v_orden_compra'),(10484,'v_representacion_grafica'),(10484,'v_xml'),(10485,'v_orden_compra'),(10485,'v_representacion_grafica'),(10485,'v_xml'),(10486,'v_orden_compra'),(10486,'v_representacion_grafica'),(10486,'v_xml'),(10487,'v_orden_compra'),(10487,'v_representacion_grafica'),(10487,'v_xml'),(10488,'v_orden_compra'),(10488,'v_representacion_grafica'),(10488,'v_xml'),(10489,'v_orden_compra'),(10489,'v_representacion_grafica'),(10489,'v_xml'),(10490,'v_orden_compra'),(10490,'v_representacion_grafica'),(10490,'v_xml'),(10491,'v_orden_compra'),(10491,'v_representacion_grafica'),(10491,'v_xml'),(10492,'v_orden_compra'),(10492,'v_representacion_grafica'),(10492,'v_xml'),(10493,'v_orden_compra'),(10493,'v_representacion_grafica'),(10493,'v_xml'),(10494,'v_orden_compra'),(10494,'v_representacion_grafica'),(10494,'v_xml'),(10495,'v_orden_compra'),(10495,'v_representacion_grafica'),(10495,'v_xml'),(10496,'v_orden_compra'),(10496,'v_representacion_grafica'),(10496,'v_xml'),(10497,'v_orden_compra'),(10497,'v_representacion_grafica'),(10497,'v_xml'),(10498,'v_orden_compra'),(10498,'v_representacion_grafica'),(10498,'v_xml'),(10499,'v_orden_compra'),(10499,'v_representacion_grafica'),(10499,'v_xml'),(10500,'v_orden_compra'),(10500,'v_representacion_grafica'),(10500,'v_xml'),(10501,'v_orden_compra'),(10501,'v_representacion_grafica'),(10501,'v_xml'),(10502,'v_orden_compra'),(10502,'v_representacion_grafica'),(10502,'v_xml'),(10503,'v_orden_compra'),(10503,'v_representacion_grafica'),(10503,'v_xml'),(10504,'v_orden_compra'),(10504,'v_representacion_grafica'),(10504,'v_xml'),(10505,'v_orden_compra'),(10505,'v_representacion_grafica'),(10505,'v_xml'),(10506,'v_orden_compra'),(10506,'v_representacion_grafica'),(10506,'v_xml'),(10507,'v_orden_compra'),(10507,'v_representacion_grafica'),(10507,'v_xml'),(10508,'v_orden_compra'),(10508,'v_representacion_grafica'),(10508,'v_xml'),(10509,'v_orden_compra'),(10509,'v_representacion_grafica'),(10509,'v_xml'),(10510,'v_orden_compra'),(10510,'v_representacion_grafica'),(10510,'v_xml'),(10511,'v_orden_compra'),(10511,'v_representacion_grafica'),(10511,'v_xml'),(10512,'v_orden_compra'),(10512,'v_representacion_grafica'),(10512,'v_xml'),(10513,'v_orden_compra'),(10513,'v_representacion_grafica'),(10513,'v_xml'),(10514,'v_orden_compra'),(10514,'v_representacion_grafica'),(10514,'v_xml'),(10515,'v_orden_compra'),(10515,'v_representacion_grafica'),(10515,'v_xml'),(10516,'v_orden_compra'),(10516,'v_representacion_grafica'),(10516,'v_xml'),(10517,'v_orden_compra'),(10517,'v_representacion_grafica'),(10517,'v_xml'),(10518,'v_orden_compra'),(10518,'v_representacion_grafica'),(10518,'v_xml'),(10519,'v_orden_compra'),(10519,'v_representacion_grafica'),(10519,'v_xml'),(10520,'v_orden_compra'),(10520,'v_representacion_grafica'),(10520,'v_xml'),(10521,'v_orden_compra'),(10521,'v_representacion_grafica'),(10521,'v_xml'),(10522,'v_orden_compra'),(10522,'v_representacion_grafica'),(10522,'v_xml'),(10523,'v_orden_compra'),(10523,'v_representacion_grafica'),(10523,'v_xml'),(10524,'v_orden_compra'),(10524,'v_representacion_grafica'),(10524,'v_xml'),(10525,'v_orden_compra'),(10525,'v_representacion_grafica'),(10525,'v_xml'),(10526,'v_orden_compra'),(10526,'v_representacion_grafica'),(10526,'v_xml'),(10527,'v_orden_compra'),(10527,'v_representacion_grafica'),(10527,'v_xml'),(10528,'v_orden_compra'),(10528,'v_representacion_grafica'),(10528,'v_xml'),(10529,'v_orden_compra'),(10529,'v_representacion_grafica'),(10529,'v_xml'),(10530,'v_orden_compra'),(10530,'v_representacion_grafica'),(10530,'v_xml'),(10531,'v_orden_compra'),(10531,'v_representacion_grafica'),(10531,'v_xml'),(10532,'v_orden_compra'),(10532,'v_representacion_grafica'),(10532,'v_xml'),(10533,'v_orden_compra'),(10533,'v_representacion_grafica'),(10533,'v_xml'),(10534,'v_orden_compra'),(10534,'v_representacion_grafica'),(10534,'v_xml'),(10535,'v_orden_compra'),(10535,'v_representacion_grafica'),(10535,'v_xml'),(10536,'v_orden_compra'),(10536,'v_representacion_grafica'),(10536,'v_xml'),(10537,'v_orden_compra'),(10537,'v_representacion_grafica'),(10537,'v_xml'),(10538,'v_orden_compra'),(10538,'v_representacion_grafica'),(10538,'v_xml'),(10539,'v_orden_compra'),(10539,'v_representacion_grafica'),(10539,'v_xml'),(10540,'v_orden_compra'),(10540,'v_representacion_grafica'),(10540,'v_xml'),(10541,'v_orden_compra'),(10541,'v_representacion_grafica'),(10541,'v_xml'),(10542,'v_orden_compra'),(10542,'v_representacion_grafica'),(10542,'v_xml'),(10543,'v_orden_compra'),(10543,'v_representacion_grafica'),(10543,'v_xml'),(10544,'v_orden_compra'),(10544,'v_representacion_grafica'),(10544,'v_xml'),(10545,'v_orden_compra'),(10545,'v_representacion_grafica'),(10545,'v_xml'),(10546,'v_orden_compra'),(10546,'v_representacion_grafica'),(10546,'v_xml'),(10547,'v_orden_compra'),(10547,'v_representacion_grafica'),(10547,'v_xml'),(10548,'v_orden_compra'),(10548,'v_representacion_grafica'),(10548,'v_xml'),(10549,'v_orden_compra'),(10549,'v_representacion_grafica'),(10549,'v_xml'),(10550,'v_orden_compra'),(10550,'v_representacion_grafica'),(10550,'v_xml'),(10551,'v_orden_compra'),(10551,'v_representacion_grafica'),(10551,'v_xml'),(10552,'v_orden_compra'),(10552,'v_representacion_grafica'),(10552,'v_xml'),(10553,'v_orden_compra'),(10553,'v_representacion_grafica'),(10553,'v_xml'),(10554,'v_orden_compra'),(10554,'v_representacion_grafica'),(10554,'v_xml'),(10555,'v_orden_compra'),(10555,'v_representacion_grafica'),(10555,'v_xml'),(10556,'v_orden_compra'),(10556,'v_representacion_grafica'),(10556,'v_xml'),(10557,'v_orden_compra'),(10557,'v_representacion_grafica'),(10557,'v_xml'),(10558,'v_orden_compra'),(10558,'v_representacion_grafica'),(10558,'v_xml'),(10559,'v_orden_compra'),(10559,'v_representacion_grafica'),(10559,'v_xml'),(10560,'v_orden_compra'),(10560,'v_representacion_grafica'),(10560,'v_xml'),(10561,'v_orden_compra'),(10561,'v_representacion_grafica'),(10561,'v_xml'),(10562,'v_orden_compra'),(10562,'v_representacion_grafica'),(10562,'v_xml'),(10563,'v_orden_compra'),(10563,'v_representacion_grafica'),(10563,'v_xml'),(10564,'v_orden_compra'),(10564,'v_representacion_grafica'),(10564,'v_xml'),(10565,'v_orden_compra'),(10565,'v_representacion_grafica'),(10565,'v_xml'),(10566,'v_orden_compra'),(10566,'v_representacion_grafica'),(10566,'v_xml'),(10567,'v_orden_compra'),(10567,'v_representacion_grafica'),(10567,'v_xml'),(10568,'v_orden_compra'),(10568,'v_representacion_grafica'),(10568,'v_xml'),(10569,'v_orden_compra'),(10569,'v_representacion_grafica'),(10569,'v_xml'),(10570,'v_orden_compra'),(10570,'v_representacion_grafica'),(10570,'v_xml'),(10571,'v_orden_compra'),(10571,'v_representacion_grafica'),(10571,'v_xml'),(10572,'v_orden_compra'),(10572,'v_representacion_grafica'),(10572,'v_xml'),(10573,'v_orden_compra'),(10573,'v_representacion_grafica'),(10573,'v_xml'),(10574,'v_orden_compra'),(10574,'v_representacion_grafica'),(10574,'v_xml'),(10575,'v_orden_compra'),(10575,'v_representacion_grafica'),(10575,'v_xml'),(10576,'v_orden_compra'),(10576,'v_representacion_grafica'),(10576,'v_xml'),(10577,'v_orden_compra'),(10577,'v_representacion_grafica'),(10577,'v_xml'),(10578,'v_orden_compra'),(10578,'v_representacion_grafica'),(10578,'v_xml'),(10579,'v_orden_compra'),(10579,'v_representacion_grafica'),(10579,'v_xml'),(10580,'v_orden_compra'),(10580,'v_representacion_grafica'),(10580,'v_xml'),(10581,'v_orden_compra'),(10581,'v_representacion_grafica'),(10581,'v_xml'),(10582,'v_orden_compra'),(10582,'v_representacion_grafica'),(10582,'v_xml'),(10583,'v_orden_compra'),(10583,'v_representacion_grafica'),(10583,'v_xml'),(10584,'v_orden_compra'),(10584,'v_representacion_grafica'),(10584,'v_xml'),(10585,'v_orden_compra'),(10585,'v_representacion_grafica'),(10585,'v_xml'),(10586,'v_orden_compra'),(10586,'v_representacion_grafica'),(10586,'v_xml'),(10587,'v_orden_compra'),(10587,'v_representacion_grafica'),(10587,'v_xml'),(10588,'v_orden_compra'),(10588,'v_representacion_grafica'),(10588,'v_xml'),(10589,'v_orden_compra'),(10589,'v_representacion_grafica'),(10589,'v_xml'),(10590,'v_orden_compra'),(10590,'v_representacion_grafica'),(10590,'v_xml'),(10591,'v_orden_compra'),(10591,'v_representacion_grafica'),(10591,'v_xml'),(10592,'v_orden_compra'),(10592,'v_representacion_grafica'),(10592,'v_xml'),(10593,'v_orden_compra'),(10593,'v_representacion_grafica'),(10593,'v_xml'),(10594,'v_orden_compra'),(10594,'v_representacion_grafica'),(10594,'v_xml'),(10595,'v_orden_compra'),(10595,'v_representacion_grafica'),(10595,'v_xml'),(10596,'v_orden_compra'),(10596,'v_representacion_grafica'),(10596,'v_xml'),(10597,'v_orden_compra'),(10597,'v_representacion_grafica'),(10597,'v_xml'),(10598,'v_orden_compra'),(10598,'v_representacion_grafica'),(10598,'v_xml'),(10599,'v_orden_compra'),(10599,'v_representacion_grafica'),(10599,'v_xml'),(10600,'v_orden_compra'),(10600,'v_representacion_grafica'),(10600,'v_xml'),(10601,'v_orden_compra'),(10601,'v_representacion_grafica'),(10601,'v_xml'),(10602,'v_orden_compra'),(10602,'v_representacion_grafica'),(10602,'v_xml'),(10603,'v_orden_compra'),(10603,'v_representacion_grafica'),(10603,'v_xml'),(10604,'v_orden_compra'),(10604,'v_representacion_grafica'),(10604,'v_xml'),(10605,'v_orden_compra'),(10605,'v_representacion_grafica'),(10605,'v_xml'),(10606,'v_orden_compra'),(10606,'v_representacion_grafica'),(10606,'v_xml'),(10607,'v_orden_compra'),(10607,'v_representacion_grafica'),(10607,'v_xml'),(10608,'v_orden_compra'),(10608,'v_representacion_grafica'),(10608,'v_xml'),(10609,'v_orden_compra'),(10609,'v_representacion_grafica'),(10609,'v_xml'),(10610,'v_orden_compra'),(10610,'v_representacion_grafica'),(10610,'v_xml'),(10611,'v_orden_compra'),(10611,'v_representacion_grafica'),(10611,'v_xml'),(10612,'v_orden_compra'),(10612,'v_representacion_grafica'),(10612,'v_xml'),(10613,'v_orden_compra'),(10613,'v_representacion_grafica'),(10613,'v_xml'),(10614,'v_orden_compra'),(10614,'v_representacion_grafica'),(10614,'v_xml'),(10615,'v_orden_compra'),(10615,'v_representacion_grafica'),(10615,'v_xml'),(10616,'v_orden_compra'),(10616,'v_representacion_grafica'),(10616,'v_xml'),(10617,'v_orden_compra'),(10617,'v_representacion_grafica'),(10617,'v_xml'),(10618,'v_orden_compra'),(10618,'v_representacion_grafica'),(10618,'v_xml'),(10619,'v_orden_compra'),(10619,'v_representacion_grafica'),(10619,'v_xml'),(10620,'v_orden_compra'),(10620,'v_representacion_grafica'),(10620,'v_xml'),(10621,'v_orden_compra'),(10621,'v_representacion_grafica'),(10621,'v_xml'),(10622,'v_orden_compra'),(10622,'v_representacion_grafica'),(10622,'v_xml'),(10623,'v_orden_compra'),(10623,'v_representacion_grafica'),(10623,'v_xml'),(10624,'v_orden_compra'),(10624,'v_representacion_grafica'),(10624,'v_xml'),(10625,'v_orden_compra'),(10625,'v_representacion_grafica'),(10625,'v_xml'),(10626,'v_orden_compra'),(10626,'v_representacion_grafica'),(10626,'v_xml'),(10627,'v_orden_compra'),(10627,'v_representacion_grafica'),(10627,'v_xml'),(10628,'v_orden_compra'),(10628,'v_representacion_grafica'),(10628,'v_xml'),(10629,'v_orden_compra'),(10629,'v_representacion_grafica'),(10629,'v_xml'),(10630,'v_orden_compra'),(10630,'v_representacion_grafica'),(10630,'v_xml'),(10631,'v_orden_compra'),(10631,'v_representacion_grafica'),(10631,'v_xml'),(10632,'v_orden_compra'),(10632,'v_representacion_grafica'),(10632,'v_xml'),(10633,'v_orden_compra'),(10633,'v_representacion_grafica'),(10633,'v_xml'),(10634,'v_orden_compra'),(10634,'v_representacion_grafica'),(10634,'v_xml'),(10635,'v_orden_compra'),(10635,'v_representacion_grafica'),(10635,'v_xml'),(10636,'v_orden_compra'),(10636,'v_representacion_grafica'),(10636,'v_xml'),(10637,'v_orden_compra'),(10637,'v_representacion_grafica'),(10637,'v_xml'),(10638,'v_orden_compra'),(10638,'v_representacion_grafica'),(10638,'v_xml'),(10639,'v_orden_compra'),(10639,'v_representacion_grafica'),(10639,'v_xml'),(10640,'v_orden_compra'),(10640,'v_representacion_grafica'),(10640,'v_xml'),(10641,'v_orden_compra'),(10641,'v_representacion_grafica'),(10641,'v_xml'),(10642,'v_orden_compra'),(10642,'v_representacion_grafica'),(10642,'v_xml'),(10643,'v_orden_compra'),(10643,'v_representacion_grafica'),(10643,'v_xml'),(10644,'v_orden_compra'),(10644,'v_representacion_grafica'),(10644,'v_xml'),(10645,'v_orden_compra'),(10645,'v_representacion_grafica'),(10645,'v_xml'),(10646,'v_orden_compra'),(10646,'v_representacion_grafica'),(10646,'v_xml'),(10647,'v_orden_compra'),(10647,'v_representacion_grafica'),(10647,'v_xml'),(10648,'v_orden_compra'),(10648,'v_representacion_grafica'),(10648,'v_xml'),(10649,'v_orden_compra'),(10649,'v_representacion_grafica'),(10649,'v_xml'),(10650,'v_orden_compra'),(10650,'v_representacion_grafica'),(10650,'v_xml'),(10651,'v_orden_compra'),(10651,'v_representacion_grafica'),(10651,'v_xml'),(10652,'v_orden_compra'),(10652,'v_representacion_grafica'),(10652,'v_xml'),(10653,'v_orden_compra'),(10653,'v_representacion_grafica'),(10653,'v_xml'),(10654,'v_orden_compra'),(10654,'v_representacion_grafica'),(10654,'v_xml'),(10655,'v_orden_compra'),(10655,'v_representacion_grafica'),(10655,'v_xml'),(10656,'v_orden_compra'),(10656,'v_representacion_grafica'),(10656,'v_xml'),(10657,'v_orden_compra'),(10657,'v_representacion_grafica'),(10657,'v_xml'),(10658,'v_orden_compra'),(10658,'v_representacion_grafica'),(10658,'v_xml'),(10659,'v_orden_compra'),(10659,'v_representacion_grafica'),(10659,'v_xml'),(10660,'v_orden_compra'),(10660,'v_representacion_grafica'),(10660,'v_xml'),(10661,'v_orden_compra'),(10661,'v_representacion_grafica'),(10661,'v_xml'),(10662,'v_orden_compra'),(10662,'v_representacion_grafica'),(10662,'v_xml'),(10663,'v_orden_compra'),(10663,'v_representacion_grafica'),(10663,'v_xml'),(10664,'v_orden_compra'),(10664,'v_representacion_grafica'),(10664,'v_xml'),(10665,'v_orden_compra'),(10665,'v_representacion_grafica'),(10665,'v_xml'),(10666,'v_orden_compra'),(10666,'v_representacion_grafica'),(10666,'v_xml'),(10667,'v_orden_compra'),(10667,'v_representacion_grafica'),(10667,'v_xml'),(10668,'v_orden_compra'),(10668,'v_representacion_grafica'),(10668,'v_xml'),(10669,'v_orden_compra'),(10669,'v_representacion_grafica'),(10669,'v_xml'),(10670,'v_orden_compra'),(10670,'v_representacion_grafica'),(10670,'v_xml'),(10671,'v_orden_compra'),(10671,'v_representacion_grafica'),(10671,'v_xml'),(10672,'v_orden_compra'),(10672,'v_representacion_grafica'),(10672,'v_xml'),(10673,'v_orden_compra'),(10673,'v_representacion_grafica'),(10673,'v_xml'),(10674,'v_orden_compra'),(10674,'v_representacion_grafica'),(10674,'v_xml');
/*!40000 ALTER TABLE `proveedor_has_informacion_requerida` ENABLE KEYS */;
UNLOCK TABLES;

--
-- Table structure for table `recurso`
--

DROP TABLE IF EXISTS `recurso`;
/*!40101 SET @saved_cs_client     = @@character_set_client */;
/*!40101 SET character_set_client = utf8 */;
CREATE TABLE `recurso` (
  `id_recurso` varchar(255) NOT NULL,
  `v_descripcion` varchar(255) NOT NULL,
  PRIMARY KEY (`id_recurso`)
) ENGINE=InnoDB DEFAULT CHARSET=utf8;
/*!40101 SET character_set_client = @saved_cs_client */;

--
-- Dumping data for table `recurso`
--

LOCK TABLES `recurso` WRITE;
/*!40000 ALTER TABLE `recurso` DISABLE KEYS */;
INSERT INTO `recurso` VALUES ('com\\empresa\\EmpresaService::actualizar','Servicio de actualizacion de datos para una Empresa'),('com\\empresa\\EmpresaService::eliminar','Servicio de eliminacion de una Empresa (No elimina, solo asigna un estatus no visible en la aplicacion)'),('com\\empresa\\EmpresaService::insertar','Servicio de insercion de una Empresa'),('com\\factura\\FacturaService::actualizar','Servicio de actualizacion de datos para una Factura'),('com\\parametro\\ParametroService::actualizar','Servicio de actualizacion de datos para u Parametro'),('com\\proveedor\\ProveedorInformacionRequeridaService::eliminar','Servicio de eliminacion de la realcion Proveedor-Informacion Requerida'),('com\\proveedor\\ProveedorInformacionRequeridaService::insertar','Servicio de insercion de la realcion Proveedor-Informacion Requerida'),('com\\proveedor\\ProveedorService::actualizar','Servicio de actualizacion de datos para un Proveedor'),('com\\proveedor\\ProveedorService::eliminar','Servicio de eliminacion de un Proveedor (No elimina, solo asigna un estatus no visible en la aplicacion)'),('com\\proveedor\\ProveedorService::insertar','Servicio de insercion de un Proveedor'),('com\\sacl\\UsuarioRolService::eliminar','Servicio de eliminacion de la relacion Usuario-Rol'),('com\\sacl\\UsuarioRolService::insertar','Servicio de insercion de la relacion Usuario-Rol'),('com\\usuario\\UsuarioService::actualizar','Servicio de actualizacion de datos para un Usuario'),('com\\usuario\\UsuarioService::eliminar','Servicio de eliminacion de un Usuario (No elimina, solo asigna un estatus no visible en la aplicacion)'),('com\\usuario\\UsuarioService::insertar','Servicio de insercion de un Usuario');
/*!40000 ALTER TABLE `recurso` ENABLE KEYS */;
UNLOCK TABLES;

--
-- Table structure for table `rol`
--

DROP TABLE IF EXISTS `rol`;
/*!40101 SET @saved_cs_client     = @@character_set_client */;
/*!40101 SET character_set_client = utf8 */;
CREATE TABLE `rol` (
  `id_rol` varchar(45) NOT NULL,
  `i_estatus` int(1) unsigned NOT NULL,
  `v_descripcion` varchar(255) NOT NULL,
  PRIMARY KEY (`id_rol`)
) ENGINE=InnoDB DEFAULT CHARSET=utf8;
/*!40101 SET character_set_client = @saved_cs_client */;

--
-- Dumping data for table `rol`
--

LOCK TABLES `rol` WRITE;
/*!40000 ALTER TABLE `rol` DISABLE KEYS */;
INSERT INTO `rol` VALUES ('Administrador',1,'Administrador del sistema'),('Administrador del Sistema',2,'Administrador Global'),('Soporte',2,'Soporte y Mesa de ayuda'),('Usuario',1,'Usuario del sistema');
/*!40000 ALTER TABLE `rol` ENABLE KEYS */;
UNLOCK TABLES;

--
-- Table structure for table `sesion`
--

DROP TABLE IF EXISTS `sesion`;
/*!40101 SET @saved_cs_client     = @@character_set_client */;
/*!40101 SET character_set_client = utf8 */;
CREATE TABLE `sesion` (
  `id_sesion` int(11) NOT NULL AUTO_INCREMENT,
  `v_token` varchar(100) NOT NULL,
  `d_fecha_expiracion` datetime NOT NULL,
  `fk_usuario` varchar(50) NOT NULL,
  PRIMARY KEY (`id_sesion`),
  UNIQUE KEY `fk_usuario_UNIQUE` (`fk_usuario`),
  KEY `fk_sesion_usuario1_idx` (`fk_usuario`),
  CONSTRAINT `fk_sesion_usuario1` FOREIGN KEY (`fk_usuario`) REFERENCES `usuario` (`id_usuario`) ON DELETE CASCADE ON UPDATE CASCADE
) ENGINE=InnoDB AUTO_INCREMENT=12 DEFAULT CHARSET=utf8;
/*!40101 SET character_set_client = @saved_cs_client */;

--
-- Dumping data for table `sesion`
--

LOCK TABLES `sesion` WRITE;
/*!40000 ALTER TABLE `sesion` DISABLE KEYS */;
/*!40000 ALTER TABLE `sesion` ENABLE KEYS */;
UNLOCK TABLES;

--
-- Table structure for table `usuario`
--

DROP TABLE IF EXISTS `usuario`;
/*!40101 SET @saved_cs_client     = @@character_set_client */;
/*!40101 SET character_set_client = utf8 */;
CREATE TABLE `usuario` (
  `id_usuario` varchar(50) NOT NULL,
  `v_passwd` varchar(50) NOT NULL,
  `v_nombre` varchar(45) NOT NULL,
  `v_apellido_paterno` varchar(45) NOT NULL,
  `v_apellido_materno` varchar(45) DEFAULT NULL,
  `v_correo_electronico` varchar(80) NOT NULL,
  `i_estatus` int(1) unsigned NOT NULL DEFAULT '1',
  PRIMARY KEY (`id_usuario`),
  UNIQUE KEY `id_usuario_UNIQUE` (`id_usuario`)
) ENGINE=InnoDB DEFAULT CHARSET=utf8;
/*!40101 SET character_set_client = @saved_cs_client */;

--
-- Dumping data for table `usuario`
--

LOCK TABLES `usuario` WRITE;
/*!40000 ALTER TABLE `usuario` DISABLE KEYS */;
INSERT INTO `usuario` VALUES ('carlos.sanchez','7bd7332ce39b90e9dd4fe7e9e7d5ab84','Carlos Alejandro','Sanchez','Lopez','carlos.sanchez@smartfit.com.mx',1),('cecilia.aguillon','7bd7332ce39b90e9dd4fe7e9e7d5ab84','Cecilia','Aguillon','Hernandez','cecilia.aguillon@smartfit.com.mx',1),('jesus.garduno','7bd7332ce39b90e9dd4fe7e9e7d5ab84','Jesus','Garduño','Montiel','jesus.garduno@smartfit.com.mx',1),('miguel.guevara','7bd7332ce39b90e9dd4fe7e9e7d5ab84','Miguel Angel','Guevara','Corpus','miguel.guevara@smartfit.com.mx',1),('Noemi.Villagomez','7bd7332ce39b90e9dd4fe7e9e7d5ab84','Noemi','Rocio','Villagomez','Noemi.Villagomez@smartfit.com.mx',1),('norma.valentin','7bd7332ce39b90e9dd4fe7e9e7d5ab84','Norma Ruth','Valentin','Ayala','norma.valentin@smartfit.com.mx',1),('robson.lopes','7bd7332ce39b90e9dd4fe7e9e7d5ab84','Robson','Lopes','Fernandes','robson.lopes@smartfit.com.mx',1),('ross.pelcastre','7bd7332ce39b90e9dd4fe7e9e7d5ab84','Ross Alinne','Pelcastre','Briones','ross.pelcastre@smartfit.com.mx',1),('Sistema','9dd4e461268c8034f5c8564e155c67a6','Sistema','Boveda','','notificaciones.mn@gmail.com',3),('Soporte','9dd4e461268c8034f5c8564e155c67a6','Soporte	Mesa de Ayuda','MasNegocio','','notificaciones.mn@gmail.com',3),('wuendy.yuridia','7bd7332ce39b90e9dd4fe7e9e7d5ab84','Wuendy','Yuridia Agustin','Vargas','wuendy.yuridia@smartfit.com.mx',1);
/*!40000 ALTER TABLE `usuario` ENABLE KEYS */;
UNLOCK TABLES;

--
-- Table structure for table `usuario_has_empresa`
--

DROP TABLE IF EXISTS `usuario_has_empresa`;
/*!40101 SET @saved_cs_client     = @@character_set_client */;
/*!40101 SET character_set_client = utf8 */;
CREATE TABLE `usuario_has_empresa` (
  `id_usuario` varchar(50) NOT NULL,
  `id_empresa` int(10) unsigned NOT NULL,
  PRIMARY KEY (`id_usuario`,`id_empresa`),
  KEY `fk_usuario_has_empresa_empresa1_idx` (`id_empresa`),
  KEY `fk_usuario_has_empresa_usuario1_idx` (`id_usuario`),
  CONSTRAINT `fk_usuario_has_empresa_empresa1` FOREIGN KEY (`id_empresa`) REFERENCES `empresa` (`id_empresa`) ON DELETE NO ACTION ON UPDATE NO ACTION,
  CONSTRAINT `fk_usuario_has_empresa_usuario1` FOREIGN KEY (`id_usuario`) REFERENCES `usuario` (`id_usuario`) ON DELETE NO ACTION ON UPDATE NO ACTION
) ENGINE=InnoDB DEFAULT CHARSET=utf8;
/*!40101 SET character_set_client = @saved_cs_client */;

--
-- Dumping data for table `usuario_has_empresa`
--

LOCK TABLES `usuario_has_empresa` WRITE;
/*!40000 ALTER TABLE `usuario_has_empresa` DISABLE KEYS */;
INSERT INTO `usuario_has_empresa` VALUES ('carlos.sanchez',1),('cecilia.aguillon',1),('jesus.garduno',1),('miguel.guevara',1),('Noemi.Villagomez',1),('norma.valentin',1),('robson.lopes',1),('ross.pelcastre',1),('Sistema',1),('Soporte',1),('wuendy.yuridia',1),('carlos.sanchez',2),('cecilia.aguillon',2),('jesus.garduno',2),('miguel.guevara',2),('Noemi.Villagomez',2),('norma.valentin',2),('robson.lopes',2),('ross.pelcastre',2),('Sistema',2),('Soporte',2),('wuendy.yuridia',2);
/*!40000 ALTER TABLE `usuario_has_empresa` ENABLE KEYS */;
UNLOCK TABLES;

--
-- Table structure for table `usuario_has_rol`
--

DROP TABLE IF EXISTS `usuario_has_rol`;
/*!40101 SET @saved_cs_client     = @@character_set_client */;
/*!40101 SET character_set_client = utf8 */;
CREATE TABLE `usuario_has_rol` (
  `id_usuario` varchar(50) NOT NULL,
  `id_rol` varchar(45) NOT NULL,
  PRIMARY KEY (`id_usuario`,`id_rol`),
  KEY `fk_usuario_has_rol_rol1_idx` (`id_rol`),
  KEY `fk_usuario_has_rol_usuario_idx` (`id_usuario`),
  CONSTRAINT `fk_usuario_has_rol_rol1` FOREIGN KEY (`id_rol`) REFERENCES `rol` (`id_rol`) ON DELETE CASCADE ON UPDATE CASCADE,
  CONSTRAINT `fk_usuario_has_rol_usuario` FOREIGN KEY (`id_usuario`) REFERENCES `usuario` (`id_usuario`) ON DELETE CASCADE ON UPDATE CASCADE
) ENGINE=InnoDB DEFAULT CHARSET=utf8;
/*!40101 SET character_set_client = @saved_cs_client */;

--
-- Dumping data for table `usuario_has_rol`
--

LOCK TABLES `usuario_has_rol` WRITE;
/*!40000 ALTER TABLE `usuario_has_rol` DISABLE KEYS */;
INSERT INTO `usuario_has_rol` VALUES ('carlos.sanchez','Administrador'),('jesus.garduno','Administrador'),('Noemi.Villagomez','Administrador'),('robson.lopes','Administrador'),('wuendy.yuridia','Administrador'),('Sistema','Administrador del sistema'),('Soporte','Soporte'),('carlos.sanchez','Usuario'),('cecilia.aguillon','Usuario'),('miguel.guevara','Usuario'),('Noemi.Villagomez','Usuario'),('norma.valentin','Usuario'),('ross.pelcastre','Usuario'),('wuendy.yuridia','Usuario');
/*!40000 ALTER TABLE `usuario_has_rol` ENABLE KEYS */;
UNLOCK TABLES;
/*!40103 SET TIME_ZONE=@OLD_TIME_ZONE */;

/*!40101 SET SQL_MODE=@OLD_SQL_MODE */;
/*!40014 SET FOREIGN_KEY_CHECKS=@OLD_FOREIGN_KEY_CHECKS */;
/*!40014 SET UNIQUE_CHECKS=@OLD_UNIQUE_CHECKS */;
/*!40101 SET CHARACTER_SET_CLIENT=@OLD_CHARACTER_SET_CLIENT */;
/*!40101 SET CHARACTER_SET_RESULTS=@OLD_CHARACTER_SET_RESULTS */;
/*!40101 SET COLLATION_CONNECTION=@OLD_COLLATION_CONNECTION */;
/*!40111 SET SQL_NOTES=@OLD_SQL_NOTES */;

-- Dump completed on 2016-04-21 17:42:00
